label,Kalimat
Tari Pakarena,Tari Pakarena merupakan salah satu kesenian tradisional dari Sulawesi Selatan yang sangat populer.
Tari Pakarena,Properti utama yang digunakan oleh para penari dalam mementaskan gerakan tari pakarena adalah berupa kipas.
Tari Pakarena,Tari Pakarena merupakan salah satu ikon kebudayaan provinsi yang beribukotakan di Makassar.
Tari Pakarena,"Dalam pementasannya, tari pakarena dimainkan oleh 4 penari dan diiringi dengan alat musik berupa gandrang dan puik-puik"
Tari Pakarena,"Pada masa lalu, Tari Pakarena dipertunjukkan sebagai salah satu media pemujaan kepada para dewa."
Tari Pakarena,Menurut berbagai sumber sejarah tarian pakarena sudah dikenal oleh masyarakat Gowa Sulawesi Selatan pada masa kerajaan Gantarang.
Tari Pakarena,Dari gerakan dalam tari pakarena terdapat beberapa filosofi yang menceritakan mengenai kisah kehidupan seorang manusia dengan penghuni langit.
Tari Pakarena,"Seiring perkembangan jaman, tari pakarena yang khas dari sulawesi selatan ini, sangat diminati oleh masyarakat sekitar dan akhirnya membuat tarian kipas pakarena menjadi salah satu media hiburan yang menarik hati para penonton."
Tari Pakarena,"Pakarena berasal dari bahasa Makssar 'karena' yang artinya main dan mendapatkan prefiks 'pa' yang menandakan pelaku, jadi pakarena berarti si pemain, dalam konteks tari sehingga pakarena diartikan penari."
Tari Pakarena,Kesenian tari pakarena sempat menjadi tarian resmi istana pada masa Raja Gowa ke-16.
Tari Pakarena,Kehadiran tari pakarena seringkali dikaitkan dengan mitologi To Manurung (orang yang turun dari langit) yang berkembang pada masyarakat suku Makassar
Tari Pakarena,"Seorang puteri turun dari langit untuk menyapaikan kemampuannya untuk menyelesaikan chaos yang terjadi pada masa kerajaan gowa purba, kemudian dia diangkat sebagai raja, lalu dia mengajarkan aturan-aturan adat termasuk gerakan-gerakan yang kini dinamakan tari pakarena."
Tari Pakarena,"Tari pakarena dibuat untuk mengenangnya dan mengucapkan rasa syukurnya dengan menirukan gaya dan perilaku To Manurung yang telah mengajarkan banyak hal mengenai kehidupan di bumi, antara lain bercocok tanam, beternak, menangkap ikan, mengurus rumah tangga, bermasyarakat, dan yang lainnya, saat masih bersama-sama di kerajaan Gowa."
Tari Pakarena,Tari Pakarena bermula dari tarian istana yang bernama sere jaga yang berfungsi sebagai bagian upacara ritual khususnya pada ritual sebelum menanam padi dan usai menanam padi.
Tari Pakarena,"Dalam melakukan gerakan tari pakarena saat ritual yang dilakukan sebelum dan setelah menanam padi, penari memegang seikat padi benih yang telah dipilih melalui upacara ritual, seiiring perkembangan zaman padi yang dipegang diganti dengan kipas."
Tari Pakarena,"Tari Pakarena dulunya hanya ditarikan di dalam istana kerajaan Gowa oleh putri-putri bangsawan, menjadi pelengkap dan wajib dipertunjukkan pada saat upacara adat atau pesta-pesta kerajaan."
Tari Pakarena,"Menggelar tarian pakarena dengan diiringi tabuhan ganrang (gendang) oleh masyarakat Gowa merupakan simbolisasi penghargaan kepada nenek moyang atau leluhur, sehingga tarian ini tidak boleh lalai dilakukan karena ditakutkan ada gangguan dari arwah leluhur yang merasa tidak mendapatkan penghormatan yang sepantasnya."
Tari Pakarena,"Tarian Pakarena dibawakan oleh 3, 4, 6 atau lebih penari perempuan yang memperlihatkan kelembutan perempuan suku Makassar."
Tari Pakarena,"Tarian Pakarena lebih banyak menampilkan gerakan tangan yang terayun ke samping (kiri-kanan) dan ke depan secara beraturan dan lamban, Namun gerakan tangan tersebut terangkat paling tinggi hanya sebatas bahu tidak pernah terangkat hingga setinggi kepala, dengan tangan kanan memegang kipas."
Tari Pakarena,"Pandangan penari saat menarikan tari pakarena, selalu tertuju ke lantai paling jauh dua atau tiga meter dari ujung kakinya."
Tari Pakarena,"Gerakan kaki pada tari pakarena hanya bergeser (ke kanan, kiri, depan belakang) dan tidak terangkat dari permukaan lantai."
Tari Pakarena,"Gerakan lembut si penari pakarena sepanjang tarian dimainkan, tak urung menyulitkan buat masyarakat awam untuk membedakan babak demi babak."
Tari Pakarena,"Tari pakarena pada awalnya disajikan sebagai pementasan tari semalam suntuk, dimulai pada pukul delapan malam, dilanjutkan dengan babak kedua yang disajikan pada pukul 24.00 malam, hingga akhirnya sampai pada bagian penutup yang dilakukan pada waktu subuh."
Tari Pakarena,Panjangnya pementasan tarian pakarena menyebabkan dibutuhkan beberapa penari dan pemusik cadangan yang siap menggantikan penari pertama yang pentas.
Tari Pakarena,"Bagian pertama dalam pertunjukan tari pakarena adalah Samboritta (berteman) Samboritta disebut juga paulu jaga yaitu kegiatan begadang semalam suntuk, Ada juga yang mengartikan samboritta sebagaiawal tarian yaitu memberi hormat kepada pengunjung."
Tari Pakarena,Bagian ketiga yaitu penutup dinamakan jangang leak-leak (ayam berkokok) yang bermakna mencari jalan kembali ke asal mula.
Tari Pakarena,Syair atau lagu yang diperdengarkan saat menarikan tarian pakarena tidaklah selalu sama akan tetapi disesuaikan dengan pesta yang diadakan.
Tari Pakarena,"Jika tarian pakarena dipentaskan pada saat acara penyambutan pahlawan-pahlawan perang atau pada pesta bulan purnama, salah satu lagu yang sudah dikenal di masyarakat sebagai lagu pengiring dalam tarian ini adalah lagu yang berjudul Dongang-dongang."
Tari Pakarena,"Gerakan dalam tari pakarena sangat lembut dan gemulai kadang naik kadang turun, kadang meliuk dengan anggunnya dan diiringi tetabuhan gendang yang bertalu-talu."
Tari Pakarena,"Tari Pakarena adalah sebuah tarian tradisional Makassar yang mencerminkan sikap teduh, hening, dan kontemplatif."
Tari Pakarena,Pakarena adalah sebuah tarian ritus yang mengungkapkan hubungan manusia dengan Tuhan dan bercerita tentang ritme kehidupan.
Tari Pakarena,"Gerakan tari pakarena seperti pada posisi tegak berdiri dengan badan yang membusung ke depan merefleksikan bahwa sebagai manusia kita harus selalu tegak berdiri, tegar, dan tidak gampang rebah meski menghadapi berbagai persoalan dan kerumitan hidup."
Tari Pakarena,"Gerakan pada posisi duduk, menjadi pertanda awal dan akhir dalam tarian pakarena."
Tari Pakarena,"Gerakan berputar mengikuti arah jarum jam dalam tari pakarena, menunjukkan siklus kehidupan manusia."
Tari Pakarena,Gerakan naik turun (mengeper) dalam tarian pakarena mencerminkan irama kehidupan.
Tari Pakarena,Alunan lagu pengiring tari pakarena dengan nada e..e..e.. yang mendayu-dayu menggambarkan irama perempuan Makassar yang lemah lembut dan menjadi pereda keberapi-apian laki-laki.
Tari Pakarena,"Dahulu, Tari pakarena disebut dengan nama sere jaga yang berfungsi sebagai bagian upacara ritual sebelum menanam padi dan usai menanam padi."
Tari Pakarena,"Secara garis besar pelaku pertunjukan tari Pakarena dapat dibagi menjadi dua, yakni penari dengan pemusik."
Tari Pakarena,"Aturan main tarian pakarena, seorang penari Pakarena tidak diperkenankan membuka matanya terlalu lebar"
Tari Pakarena,"Gerakan kaki pada tari pakarena, tidak boleh diangkat terlalu tinggi."
Tari Pakarena,Tiap jenis tari Pakarena mempunyai pola iringan yang harus diketahui oleh penari dan pemusik.
Tari Pakarena,Penyusunan iringan tari pakarena ditentukan secara kreatif oleh seorang sutradara yang disebut Anrong Guru.
Tari Pakarena,"Dalam hal gerak dalam tarian pakarena, penari berpatokan pada penari terdepan sebelah kanan Anrong Guru yang disebut Pauluang."
Tari Pakarena,"Judul dan jenis tari Pakarena sangat ditentukan oleh nyanyian dalam tari tersebut, misalnya Lelle dan Dondo."
Tari Pakarena,Lelle dan Dondo Samboritta hanya akan dibawakan pada tari Pakarena Samboritta.
Tari Pakarena,Kelong atau nyanyian yang disajikan dalam tari pakarena berdasarkan pilihan anrong guru. 
Tari Pakarena,Jika melihat aksi dari pemusik tari Pakarena maka akan terlihat suatu sajian yang sangat kontradiktif dengan tari.
Tari Pakarena,Para pemusik akan bermain dengan sangat kencang dan keras sebagai cerminan dari kaum pria masyarakat Sulawesi Selatan yang keras dan tegas.
Tari Pakarena,Pemain gendang dalam tari pakarena adalah pemimpin dari kelompok musik ini karena ia yang menentukan irama dan tempo dari jalannya suatu lagu.
Tari Pakarena,"Pukulan Gundrung, yaitu pukulan Gendang pada tarian pakarena dengan menggunakan stik atau bambu yang terbuat dari tanduk kerbau."
Tari Pakarena,Pukulan tumbu dalam tari pakarena adalah pukulan yang hanya dengan tangan.
Tari Pakarena,"Gong, katto-katto, dan puik-puik adalah instrument lain selain gendang dalam kelompok musik tari pakarena."
Tari Pakarena,Tari Pakarena adalah tari tradisi yang berasal dari kerajaan suku Makassar.
Tari Pakarena,"Tari Pakarena secara umum memiliki ciri-ciri antara lain: penari terdiri dari penari putri, menggunakan kipas dan selendang."
Tari Pakarena,Tari Pakarena juga selalu dikaitkan dengan etika perempuan Makassar
Tari Pakarena,"Sistem pewarisan tari Pakarena berlangsung secara turun temurun dan kekeluargaan dari anrongguru1 generasi sebelumnya, yang kemudian diwariskan kepada generasi selanjutnya."
Tari Pakarena,"Tari Pakarena ditemukan tersebar hampir di semua daerah pemukiman suku Makassar di antaranya di Kabupaten Gowa, Takalar, Bantaeng dan Kabupaten Kepulauan Selayar."
Tari Pakarena,Kini Pakarena menjadi tarian yang dimainkan dan ditampilkan untuk memeriahkan berbagai upacara yang mengandung nilai-nilai ke-Islam-an.
Tari Pakarena,"Tarian Pakarena berkembang di kehidupan masyarakat adat Makassar dan dipelihara serta dipersembahkan dalam ritual Islam yang disebut Pesta Jaga, Pesta Jaga adalah ritual yang dijalankan dalam acara-acara sosial orang Makassar seperti perkawinan, akikahan, khatam al Quran, dan kenduri kesyukuran."
Tari Pakarena,Tari Pakarena yang juga diartikan sebagai pemberian doa kepada manusia yang baru lahir dan mengajarkan arti bertahan hidup di dunia kepada manusia.
Tari Pakarena,"Pakarena berkembang di dua sub etnis besar, yaitu pegunungan dan pesisir."
Tari Pakarena,"Tari Pakarena terbagi menjadi dua belas jenis gerakan yakni, Sambori’na (berteman), Ma’biring kassi’ (bermain di tepi pantai), Anging K Amalino (angin tanpa berhembus), Digandang (berulang-ulang), Jangang Lea-Lea (ayam yang mundurmundur sementara berkelahi), Iyolle’ (sebelum menyanyi, ada seperti aba-aba) (nyanyian tengah malam), So’naya (yang bermimpi), Lambassari (hari timur), AnniAnni (bagaimana kecewa membuat benang), Leko’ Bo’dong (bulan itu bulat), Sanro Beja (dukun beranak), Dendang (permulaan sebelum menyanyi). "
Tari Pakarena,Tarian pakarena adalah tari yang penuh dengan kelembutan pada setiap gerakannya.
Tari Pakarena,Tari Pakarena biasanya diiringi oleh tabuhan gendang dan bunyi dari alat musik sejenis suling.
Tari Pakarena,"Menurut sejarah kerajaan Gowa, tarian Pakarena ini mulai berkembang pada masa Sultan Hasanuddin yang merupakan Raja Gowa ke XVI, karena ibunda beliau yang bernama I Limatakontu yang langsung menanganinya."
Tari Pakarena,"Setelah raja gowa ke XVI, tari pakarena dilanjutkan oleh I Badde Daeng Tommi, permaisuri pertama I Malombassi Daeng Mattawang dan I Petta Nisali, permaisuri kedua sehingga tari Pakarena terpelihara dan dibina oleh keluarga raja-raja"
Tari Pakarena,Tari Pakarena merupakan nama baru dari sebuah ritual yang bernama Sere Jaga.
Tari Pakarena,"Pakarena berfungsi sebagai pelengkap dalam upacara penobatan raja, upacara accera kalompoang atau membersihkan pusaka kerajaan, serta dalam upacara daur hidup raja dan keluarganya."
Tari Pakarena,"Menurut beberapa informan, bahwa dahulu tari Pakarena dipentaskan dalam acara penyambutan pengantin dan juga pada saat malam ramah tamah 17 Agustusan."
Tari Pakarena,"Alat musik pengiring tari Pakarena adalah Ganrang, Puik-Puik, Gong gentung, Katto-katto, dan Parappasa. 2"
Tari Pakarena,"Tarian Pakarena merupakan ekspresi kesenian budaya rakyat Gowa, sering dipertontonkan pada acara khusus, promosi wisata Sulawesi Selatan."
Tari Pakarena,Sejarah Tarian Pakarena berawal dari kisah mitos perpisahan penghuni boting langi (negeri kahyangan) dengan penghuni lino (bumi) zaman dulu. 
Tari Pakarena,"Sebagai seni yang berdimensi ritual, Pakarena terus hidup dan menghidupi ruang batin masyarakat Gowa dan sekitarnya."
Tari Pakarena,Tarian Pakarena mentradisi di kalangan masyarakat Gowa yang merupakan wilayah bekas Kerajaan Gowa.
Tari Pakarena,"Penari Pakarena harus perempuan karena pada dasarnya tarian tradisional ini mencerminkan cermin watak perempuan Gowa sesungguhnya yang sopan, setia, patuh dan hormat pada laki-laki terutama terhadap suami."
Tari Pakarena,Tari Pakarena memiliki properti tari dan gerakan yang khas.
Tari Pakarena,Tari pakarena menggunakan properti kipas dan kadang juga dilengkapi dengan selendang.
Tari Pakarena,"Dahulu kipas yang digunakan dalam tari pakarena terbuat dari anyaman daun enau ataupun daun lontar, namun kipas seperti itu sudah jarang ditemukan."
Tari Pakarena,"Kini kipas pakarena digantikan dengan kipas yang terbuat dari kayu, kertas, dan kain yang bentuknya melengkungan dengan jari-jari berjumlah sebelas."
Tari Pakarena,Tari Pakarena memiliki gerakan tari sesuai dengn aturan bakunya.
Tari Pakarena,"Dalam gerakan tari pakarena, terdapat konsep sulapa appa atau empat filsafat kehidupan yang melukiskan sifat manusia sebagai air, api, angin, dan tanah"
Tari Pakarena,"Dalam gerakan tarinya, penari pakarena saat menutup kipasnya secara perlahan, ini menunujkan atau memiliki arti manusia memiliki sifat air yang tenang dan memiliki tempat asal (seperti hulu sungai)."
Tari Pakarena,"Sifat api manusia ditunukan saat penari pakarena bergerak turun, namun kemudia bergerak naik lagi, gerakan ini mencerminkan sifat api, yaitu emosi manusia tidak stabil."
Tari Pakarena,"Sifat angin ditunjukan saat penari pakarena bergerak ke kanan dan ke  kiri bersama dengan kipas yang terbuka, gerakan  ini menunjukkan sifat angin manusia yang bisa pergi kemana saja, bisa terbawa oleh angin, ataupun teguh dalam pendiriannya sendiri."
Tari Pakarena,"Sifat tanah ditunjukan saat penari pakarena duduk, ini mencerminkan bahwa manusia suatu saat akan kembali ke tanag (mati)"
Tari Pakarena,Masyarakat gowa percaya bahwa tarian kipas pakarena berasal dari kisah perpisahan antara penghuni negeri kahyangan (boting langi) dengan penghuni bumi (lino) di zaman dahulu.
Tari Pakarena,"Tari pakarena merupakan salah satu tari tradisional yang masih bertahan diantara arus modernisasi yang terjadi, khususnya di kawasan sulawesi tenggara."
Tari Pakarena,Tari kipas pakarena ini ditampilkan sebagai bagian dari upacara adat.
Tari Pakarena,Tari pakarena merupakan tari tradisional asli suku Makassar Sulawesi Selatan.
Tari Pakarena,"Berdasarkan sejumlah literature, tari pakarena merupakan tarian adat darikerajaan dahulu kala yang ditarikan oleh puteri bangsawan pada setiap peristiwa atau upacara-upacara penting dalam lingkungan istana"
Tari Pakarena,Tari pakarena sudah ada jauh sebelum islma menjadi agama resmi di kerajaan Gowa Tallo (22 september 1605)
Tari Pakarena,"Penari pakarena memakai baju Bodo, dengan iringan musik tradisionsl Tunrung Pakanjara bergelora bak ombak menggulung ke tepian pantai."
Tari Pakarena,"Tarian pakarena berintikan ""kekuatan"" perempuan dalam kelenturan dan kelembutan tingkah laku yang penuh kearifan, tidak terpengaruh nilai luar."
Tari Pakarena,Tari pakarena sangat lentur dan beeradaptasi dengan nilai luar.
Tari Pakarena,"Tari pakarena disajikan dengan konsep yang energik, cepat, ritmis namun juga mengutamakan kelenturan, jadilah sebuah kolaborasi yang indah."
Tari Pakarena,"Ketika menari, penari pakarena harus bergerak dengan lemah lembut, tujuannya adalah agar pesan yang ada di tarian ini dapat tersampaikan dengan baik."
Tari Pakarena,"Tari Kipas Pakarena sendiri memiliki arti bahwa tarian ini menggambarkan sifat masyarakat Gowa, yang penuh dengan kesantunan, menghormati orang lain, juga menggambarkan kesetiaan."
Tari Pakarena,"Selain untuk ditampilkan pada acara adat, tari pakarena juga dimanfaatkan sebagai daya tarik bagi turis unutuk mengunjungi Sulawesi Selatan untuk berwisata."
Tari Pakarena,"Tari pakarena merupakan tarian peninggalan Kerajaan Gowa yang dulu sempat mengalami kejayaan dan menguasai Sulawesi selama berabad-abad, walaupun kerajaan ini sudah runtuh, tarian ini masih dilestarikan hingga kini oleh penduduk Gowa dan sekitarnya."
Tari Pakarena,"Tari pakarena termasuk tari ritual yang menggambarkan tentang kehalusan seorang putri, Mengenai kelembutan gerak, tarian ini memiliki kemiripan dengan tari serimpi Jawa."
Tari Manganda,"Tari manganda merupakan tarian khas dari Mamasa, Sulawesi Barat. "
Tari Manganda,Tata hubungan dalam tarian Manganda’ yaitu terjadi secara sintagmatis yaitu kaitan disetiap gerak yang menyerupai rangkaian mata rantai yang mengait dengan yang lain.
Tari Manganda,Kata Manganda’ berasal dari kata sehari-hari yang digunakan masyarakat Toraja yang berarti nondo-nondo atau kondo atau loncat-loncat yang dibarengi dengan rasa kegembiraan.
Tari Manganda,"Tarian Manganda’ sama dengan tari Ma’randing (tari Toraja yang ditarikan pada upacara rambu solo), yaitu fokus di gerakan kaki, gerakan tangan hanya sebagai penyeimbang saja."
Tari Manganda,"Gerakan dalam tarian manganda tidak memiliki hitungan yang baku, yang baku hanyalah urutan geraknya saja."
Tari Manganda,"Tarian Manganda’ berasal dari daerah atas Toraja Utara, yaitu di daerah Rinding Allo."
Tari Manganda,Tari manganda’ ditampilkan pertama kali pada upacara Ma’bua yang dilakukan oleh keluarga Polopadang.
Tari Manganda,"Tari Manganda’, merupakan tarian yang ditampilkan pada upacara Rambu Tuka, sedangkan di upacara Rambu Solo tarian ini tidak ditampilkan"
Tari Manganda,"Pada upacara Rambu Tuka, tarian Manganda' biasanya di tampilkan pada acara Ma’bua dan Mangrara banua."
Tari Manganda,Tetapi dalam acara mangrara banua tidak semua acara tersebut bisa menampilkan tari Manganda’ hanya acara mangrara banua yang dilakukan oleh keturunan bangsawan yang bisa menampilkan tarian ini.
Tari Manganda,"Tari Manganda’ identik dengan garis keturunan, jadi tarian ini tidak sembarang orang yang bisa menarikannya, hanya orang yang masih memiliki garis keturunan bangsawan yang bisa menarikannya. "
Tari Manganda,"Kostum yang digunakan seperti Sepu (tas khas Toraja),tanduk kerbau dan ornamen-ornamen yang dipakai dalam kostum tersebut."
Tari Manganda,Tarian Manganda' merupakan tarian yang bisa ditarikan jika seseorang tersebut masih memiliki garis keturunan bangsawan.
Tari Manganda,"Gerak dalam tarian Manganda’ yaitu fokus pada gerakan kaki, gerakan tangan hanya sebagai gerakan penyeimbang saja."
Tari Manganda,"Gerak tari Manganda’ hanya memiliki 3 ragam gerak, dan tarian ini tidak banyak memiliki motif gerak, geraknya pun diulang-ulang."
Tari Manganda,Penari dalam tarian Manganda’ yaitu seorang lakilaki yang masih memiliki garis keturunan bangsawan yang berasal dari daerah bagian atas Toraja Utara.
Tari Manganda,"Tarian Manganda’  hanya bisa ditarikan oleh laki-laki saja, karena hanya laki-laki saja yang bisa menggunakan simbol tanduk kerbau sebagai hiasan kepala."
Tari Manganda,Usia penarinya yaitu minimal 20 tahun keatas.
Tari Manganda,"Jumlah penari dalam tarian Manganda’ menurut filosofi Toraja, angka penari dalam rambu tuka’ itu harus ganjil, dan dalam rambu solo’ angka penari yaitu genap."
Tari Manganda,"Ganjil dalam rambu tuka artinya yaitu berkat tuhan semakin melimpah dan akan sampai seterusnya. Jadi, jumlah penari dalam tarian manganda’ tidak dibatasi, tetapi minimal penari bejumlah 5 orang."
Tari Manganda,"Kostum yang digunakan dalam tarian Manganda’ yaitu memakai baju adat laki-laki Toraja, yaitu baju tallu buku dan memakai sarung pattannun yang dipakai seperti selempang yang berwarna putih."
Tari Manganda,"Kemudian hiasan kepala yang memakai simbol tanduk kerbau yang terdapat berbagai ornament di sekitarnya seperti koin kuno, kain Ma’wa, kain Sarita, dan memakai bulu ayam"
Tari Manganda,Aksesoris yang digunakan yaitu memakai kalung tora serta memakai Sepu’ yakni tas khas Toraja yang juga sebagai pelengkap tarian Manganda.
Tari Manganda,Baju tallu buku : Yaitu baju khas Toraja yang dipakai oleh laki-laki sepasang dengan celana yang berwarna merah dan bermotif garis-garis atau kain khas Toraja yakni pattannun
Tari Manganda,"Sarung pattannun : Sarung yang digunakan sebagai pelengkap dari kostum tarian ini, sarung tersebut dipakai seperti selempang, sarung pattannun yang dipakai yaitu berwarna putih yang menyimbolkan bangsawan."
Tari Manganda,"Tanduk Kerbau : Tanduk yang digunakan sebagai hiasan kepala. Tanduk yang dipakai bukan sembarang tanduk, tanduk ini merupakan tanduk yang telah di upacara dalam upacara tertinggi rambu solo yaitu rapasan sundun. Tanduk ini dihiasi beberapa ornamentornamen kuno lainnya."
Tari Manganda,Kain Ma’wa dan kain Sarita : yaitu kain kuno artinya bahwa orang Toraja dulunya memakai kain Ma’wa dan kain ini masih ada sampai sekarang dan digunakan dalam tarian ini.
Tari Manganda,"Bulu ayam: Hiasan tandu kerbau juga terdapat bulu ayam yang letaknya diatas uang koin kuno, makna dari bulu ayam tersebut yaitu karena dalam upacara Ma’bua yang pertama dilakukan yaitu memotong ayam di atas tongkonan"
Tari Manganda,"Uang Koin kuno : Makna dari uang koin kuno ini yaitu bahwa uang merupakan kebutuhan utama, dan jika ingin melaksanakan upacara yang paling utama dibutuhkan yaitu uang."
Tari Manganda,Kalung Tora’ : Aksesoris yang digunakan dalam tarian Manganda yaitu kalung tora yang terbuat dari kayu
Tari Manganda,"Se’pu : Se’pu adalah tas kecil yang terbuat dari kain khas Toraja dan manik-manik yang berukuran kecil biasanya digunakan sebagai tempat menyimpan sirih dan pinang, atau biasa disebut pa’ngan oleh masyarakat Toraja. Tas ini dulunya hanya dipakai oleh keturunan bangsawan saja"
Tari Manganda,"Properti yang digunakan dalam tarian Manganda’ yaitu hanya menggunakan lonceng, yang bagi masyarakat Toraja disebutnya giringgiring atau lonceng kecil yang dipegang menggunakan tangan kanan."
Tari Manganda,"Iringan musik selalu berdampingan dengan tari, musik yang digunakan adalah musik internal yakni hanya vokal dari para penari dan juga properti lonceng."
Tari Manganda,Lonceng ini juga termasuk alat musik yang digunakan pada tarian Manganda’ karena lonceng ini juga sebagai penanda dalam bergerak.
Tari Manganda,"Jadi dalam tarian ini tidak digunakan alat musik yang biasa digunakan dalam tarian, tetapi hanya melibatkan vokal atau suara teriakan dari penari dan juga bunyi dari lonceng atau giring-giring"
Tari Manganda,"Tari Manganda’ ditarikan pada saat hari puncak Mangrara banua yang berlangsung selama 3 hari berturut-turut, dan ditampilkan di depan tongkonan yang dinamakan Kala’paran (halaman depan tongkonan)."
Tari Manganda,"Durasi dalam tarian Manganda’ yaitu tidak di patenkan karena mengikut dengan permintaan dari pemilik acara, tetapi biasanya tarian ini berdurasi 7 sampai 9 menit."
Tari Manganda,"Jalan nondo, yaitu menekuk lutut secara bergantian kiri dan kanan. Kedua tangan ditekuk kedalam, Tangan kanan diayunkan ke atas dan ke bawah sambil membunyikan lonceng dan ke bawah memantul pada telapak tangan kiri, posisinya lebih rendah daripada tangan kanan yang memegang lonceng. Gerakan ini diulang – ulang sampai di arena pentas dengan hitungan 4 x 8."
Tari Manganda,"Kaki kiri melangkah maju serong ke kanan dengan kedua lutut ditekuk, kaki kanan berada di belakang kaki kiri. Dan bersamaan dengan itu, tangan kiri diayunkan ke atas searah dengan gerakan kaki kiri, telapak tangan menghadap atas, dan tangan kanan membunyikan lonceng."
Tari Manganda,"Kemudian kaki kiri di tarik kebelakang dengan posisi di belakang kaki kanan, posisi tumit kaki tidak menyentuh lantai di ikuti tangan kiri di ayunkan ke bawah, posisi tangan lurus dan posisi telapak tangan kedalam. Gerakan ini diulang sebanyak 4 kali dengan hitungan 1 x 8."
Tari Manganda,"Tata hubungan dalam tari manganda’ mengacu pada tata hubungan sintagmatis yaitu kaitan antar motif gerak yang menyerupai rangkaian mata rantai yang mengait dengan yang lain, dan begitu seterusnya."
Tari Manganda,"Tata hubungan gerak tarian manganda’ terjadi secara sintagmatis yaitu kaitan antar setiap motif gerak tari manganda’ dimana terdapat gerakan nondo satu kali, geraknya yaitu posisi badan lurus kemudian kedua lutut ditekuk satu kali, dan kedua tangan tegap lurus"
Tari Manganda,Dalam tarian manganda’ disetiap ragamnya terdapat pola 4 arah mata angin kemudian dibalas lagi untuk kembali ke posisi awal yang berkesinambungan secara runtut dan rapi dalam satu keterkaitan.
Tari Manganda,"Kesinambungan antar pola gerak tersebut pada dasarnya menggunakan gerak penghubung yaitu gerakan nondo satu kali dan gerak kaki kiri melangkah maju serong ke kanan dengan kedua lutut ditekuk, kaki kanan berada di belakang kaki kiri."
Tari Manganda,"Dan bersamaan dengan itu, 20 tangan kiri diayunkan ke atas searah dengan gerakan kaki kiri, telapak tangan menghadap atas, dan tangan kanan membunyikan lonceng."
Tari Manganda,Tarian yang dibawakan oleh sekelompok lelaki ini menggunakan tanduk kerbau di kepala dan dihiasi uang logam dan menggunakan semacam bel yang berdering-dering diiringi teriakan.
Tari Manganda,Teriakan khas Toraja dari penari ini membuat rombongan kaget.
Tari Manganda,Tari Manganda adalah salah satu tarian yang dilestarikan di Toraja yang merupakan tarian ritual pemujaan agama lokal Toraja yang disebut Aluk To' Dolo (Alto).
Tari Manganda,Tari Manganda adalah Tarian ritual pemujaan agama lokal Toraja yang disebut Aluk To' Dolo.
Tari Manganda,Tarian Manganda' atau Mangondoan tanduk adalah salah satu jenis tarian hasil karya seni Nenek Moyang orang Toraja yang konon ceritanya berasal dari Toraja Utara khususnya bagian Rinding Allo dan sekitarnya.
Tari Manganda,Para pria menggunakan tanduk kerbau di kepala dan dihiasi uang logam dan menggunakan semacam bel atau lonceng kecil yang berdering-dering sambil diiringi teriakan oleh para penari dan suka cita dan pujian syukur kepada Puang Matua (Tuhan) atas limpahan berkatnya.
Tari Manganda,Tanduk kerbau yang digunakan adalah tanduk kerbau yang digunakan pada acara Rapasan sundun (upacara kematian tingkat tinggi masyarakat Toraja)
Tari Manganda,Tarian manganda' pertama kali di pertunjukkan pada acara ma' bua' (ritus upacara adat tertinggi pada Acara rambu tuka') yang dilaksanakan oleh keluarga Polo Padang.
Tari Manganda,Manganda' juga dilaksanakan pada acara mangrara banua atau peresmian rumah adat dalam hal ini tongkonan.
Tari Manganda,"Acara manganda' tidak bisa ditampilkan pada semua acara mangrara banua (syukuran/hajatan selesainya rumah), karena manganda' adalah acara khusus bagi tongkonan bangsawan atau kasta tinggi pada jaman dahulu."
Tari Manganda,"Tari manganda merupakan tarian khas dari Mamasa, Sulawesi Barat."
Tari Manganda,Tarian manganda biasanya ditampilkan oleh masyarakat saat akan menyambut panen.
Tari Manganda,"Selain itu, tarian ini juga dipertunjukkan kala menyambut tamu yang datang ke desa tersebut."
Tari Manganda,"Tari ""Manganda"" atau tarian yang mengekspresikan rasa sukur setelah melakukan perang di Kabupaten Mamasa telah diperkenalkan di China pada festival budaya di Negeri Ginseng itu."
Tari Manganda,"Tarian Manganda yang merupakan warisan budaya dan tradisi raja-raja dahulu di Mamasa, telah diperkenalkan sebagai sebuah kekayaan budaya yang dimiliki Indonesia."
Tari Manganda,"Selain Tari Manganda, Mamasa juga memiliki kekayaan tarian perang lainnya yang memiliki tari artistik yakni Tari Bulo londong, tari ini juga mengekspresikan kemenangan prajurit dalam pertempuran."
Tari Manganda,Kebudayaan tarian itu agar mampu menjadi kebudayaan bagi Mamasa sebagai wilayah yang menjadi ikon kebudayaan dan pariwisata Provinsi Sulbar.
Tari Manganda,Tarian Manganda’ adalah tarian yang dipertunjukkan pada acara Rambu Tuka’ atau acara bahagia.
Tari Manganda,Kata Manganda’ berasal dari kata nondo-nondo atau loncat-loncat yang disertai rasa gembira.
Tari Manganda,Dahulu tari Manganda’ hanya ditampilan pada acara Rambu Tuka’ para bangsawan.
Tari Manganda,tarian Kalavata Manganda (tanggul Manganda).
Tari Manganda,Tarian Manganda’ adalah tarian pemujaan yang dipentaskan pada upacara Merok atau Ma’Bua’.
Tari Manganda,Dalam tarian manganda 'sekelompok orang memakai hiasan kepala raksasa koin perak
Tari Manganda,Tanduk kerbau nyata dan kain sakral terbuat dari tari beludru hitam dengan bunyi bel dan suara teriakan pemimpin
Tari Manganda,Para hiasan kepala begitu berat bahwa tarian hanya berlangsung beberapa menit.
Tari Manganda,Tari Manganda' Dalam Revitalisasi Hukum Adat Dan Budaya Indona Sesenapadang. Mamasa
Tari Manganda,Tarian Manganda' biasa digelar pada puncak syukuran rumah.
Tari Manganda,"Ada pula beberapa pertunjukan tarian khas Toraja. Salah satunya adalah Manganda’, tarian yang dibawakan oleh para pria dengan tanduk kerbau dan bulu ayam di kepala mereka."
Tari Manganda,Tarian Manganda merupakan Tarian ini dipentaskan oleh kaum pria atau sekelompok Lelaki yang mempergunakan tanduk kerbau dan hiasan uang-uang logam kuno (oang) sebagai hiasan kepala ditambah dengan kain mawa' tua terjumbai ke belakang.
Tari Manganda,Para penari menggunakan juga lonceng/bel kecil yang selalu dideringkan pada saat menari dan bunyinya sangat merdu dan ritmik.
Tari Manganda,Gerakan tarinya sering dibarengi lengking teriakan yang mengejutkan penonton Tarian Manganda' adalah tarian pemujaan yang dipentaskan pada upacara Merok atau Ma'Bua'
Tari Manganda,"Rambu Tuka Tarian Manganda' pada upacara Ma'Bua' Tarian Manganda' pada upacara Ma'Bua' Upacara adat Rambu Tuka' adalah acara yang berhungan dengan acara syukuran misalnya acara pernikahan, syukuran panen dan peresmian rumah adat/tongkonan yang baru, atau yang selesai direnovasi"
Tari Manganda,"Tarian Etnik Toraja ""Manganda'"" yang hampir terlupakan"
Tari Manganda,Tarian Manganda' dari Sesean.
Tari Manganda,Yamoo Tarian perang Manganda' mengawal rombongan Bupati memasuki pelataran tongkonan Palawa'
Tari Manganda,"Tarian Manganda' ditampilkan pada ritual Ma'Bua' oleh Suku Toraja di Tana Toraja, Sulawesi Selatan."
Tari Manganda,Tarian Manganda' adalah salah satu tarian yang dilestarikan di Toraja yang juga merupan tarian ritual 
Tari Manganda,Dalam Festival Budaya tersebut juga ditampilkan berbagai kebudayaan Toraja diantaranya Tari Manganda'
Tari Manganda,"Tari Manganda kini, merupakan tari yang sering ditampilkan pada acara penyambutan tamu penting yang berkunjung di Kabupaten Mamasa"
Tari Manganda,Tari Manganda (Tari perang) adalah salah satu tari yang paling terkenal di daerah Mamasa
Tari Manganda,"Tarian tersebut dilakukan para laki-laki memakai kostum perang, sebagai makna ungkapan rasa syukur setelah melakukan peperangan, dan sekarang dipentaskan untuk menyambut tamu-tamu kehormatan"
Tari Manganda,Kehadiran To’Manganda salah satu tarian tradisional daerah Wisata andalan Provinsi Sulsel yaitu Kabupaten Toraja Utara
Tari Manganda,Toraja Utara dengan tampilkan salah satu Tarian Tradisional Budaya (To’manganda) yang dimiliki daerah pariwisata yakni Toraja Utara
Tari Manganda,"Tarian ini digunakan pada saat ada upacara syukuran Rumah Adat Toraja,Pertemuan atau Upacara Kenegaraan yang diperankan laki laki dengan memakai assesories kusus dengan gerakan kaki dan tangan"
Tari Manganda,"Sang penari Manganda di Toraja Utara ini juga mengenakan topi bertanduk, namun dilengkapi dengan kain menjuntai. "
Tari Manganda,"Saya jadi berpikir, mungkin nama Manganda’ diambil dari hiasan pada kepala yang berbentuk tanduk."
Tari Manganda,"Gendang kembali ditabuhkan. Kemudian muncul dua orang anak, berkostum putih lengkap dengan akseoris dari manik-manik. "
Tari Manganda,Di pinggangnya terselip pedang bersarung. Tangannya memegang tombak. Kepalanaa dihiasi mahkota serupa tanduk. 
Tari Manganda,"Sebenarnya nama tarian ini mengingatkan saya pada tarian yang bernama sama, tapi dari Toraja Utara, khususnya di daerah pegunungannya, yakni wilayah Batutumonga ke atas (termasuk Baruppu’)"
Tari Manganda,Lemah gemulai diiringi musik dan keselarasan tari manganda yang aku mainkan dengan penuh percaya diri
Tari Manganda,Tari Manganda Dalam Acara Pelantikan Pemangku Adat
Tari Manganda,"Para penari Manganda' berasal dari kalangan pria. Hiasan kepala dari tanduk kerbau asli, dihiasi uang logam tua (biasanya dari zaman VOC) serta beberapa bulu hewan unggas yang tersisip rapi diatas topi tanduk"
Tari Manganda,Mereka menarikannya dengan sesekali teriakan khas Toraja sambil membawa bunyi bunyian (kini bunyi bunyiannya memakai lonceng kecil ditangannya)
Tari Manganda,Tarian ini ditarikan pada ucapan syukur seperti Merok atau Ma'Bua'.
Tari Patudduq,Tari Patuddu adalah salah satu tarian tradisional yang berasal dari Sulawesi Barat.
Tari Patudduq,Gerakannya lemah gemulai dengan menggunakan kipas dan selendang sebagai propertinya menari.
Tari Patudduq,Tari Patuddu dahulunya ditampilkan untuk menyambut para prajurit saat pulang dari medan perang
Tari Patudduq,Tarian ini biasanya dibawakan oleh para penari wanita dengan gerakannya yang lemah gemulai dan menggunakan kipas sebagai alat menarinya lemah gemulai dengan menggunakan kipas dan selendang sebagai propertinya menari.
Tari Patudduq,"Kerajaan  Balanipa  mempunyai  caranya  tersendiri  untuk  menyambut  para pasukan  yang  pulang  dari  medan  perang  tersebut,  salah  satunya  denagn menampilkan  tari  Pattudu  ini"
Tari Patudduq,"Gerak Tari Pattu’du Kumba Tari Pattu’du’ Kumba terdiri dari 5 ragam, yaitu Uru-uruna, Ragam Mallappe’ sipi’, Ragam Mioro Mi’undur, Ragam Mioro mijaramming, Ragam Appe’ mata anging, Ragam Sau dhomai, dan Millamba Malai. "
Tari Patudduq,"sejarah munculnya tari Pattu’du yang pada dasarnya berasal dari upacara pemujaan dan penghormatan kepada raja, oleh karena itu pada masa kerajaan, Pattu’du hanya dipergelarkan pada upacara resmi kerajaan."
Tari Patudduq,"Bentuk kostum tari Pattu’du Tommuane pada zaman dahulu hanya memakai calana alang, dan lipa’ sa’be (sarung sutra)."
Tari Patudduq,"Proses Revitalisasi Pattu’du’ Kumba oleh Sanggar Seni Uwake’ di Kecamatan Tinambung Kabupaten Polewali Mandar dilakukan dengan cara mengajak anak-anak anggota sanggar untuk mengikuti kegiatan yang bersifat kesenian tradisional, mulai dari berbagai workshop dan dipertontonkan video pertunjukan bersama-sama."
Tari Patudduq,"Menurut sejarahnya, zaman dahulu di daerah Sulawesi Barat pernah terjadi sebuah peperangan antara Kerajaan Balanipa dan Passokorang."
Tari Patudduq,"Menurut sebagian masyarakat setempat, Tari Patuddu ini lahir karena sering terjadi huru-hara dan peperangan antara balatentara Kerajaan Balanipa dan Kerajaan Passokorang pada masa lalu."
Tari Patudduq,Tari Patuddu ini merupakan tarian yang ditampilkan oleh para penari wanita. Jumlah penari Tari Patuddu ini biasanya terdiri dari 5 orang penari atau lebih.
Tari Patudduq,"Dalam pertunjukan Tari Patuddu biasanya diiringi dengan iringan musik tradisional seperti Genderang dan Gong. irama yang dimainkan biasanya berubah-ubah, kadang cepat, kadang juga bertempo lambat."
Tari Patudduq,"Konon, gerakan dalam Tari Patuddu, seperti gerakan memainkan selendang, terinspirasi dari gerakan para bidadari."
Tari Patudduq,Rambut para penari digelung menjadi konde dan diberi hiasan bunga.
Tari Patudduq,"Selain itu, ada juga yang menggunakan aksesoris berupa tusuk konde berwarna emas. Penampilan para penari dilengkapi dengan gelang, kalung, dan anting khas Mandar."
Tari Patudduq,Salah satu properti utama yang menjadi ciri khas tari tradisional ini adalah kipas lipat. Kipas warna-warni ini akan ditutup dan dikembangkan serta menyatu ke dalam gerakan Tari Patuddu.
Tari Patudduq,Dapat diketahui bahwa tradisi sayyang pattu'du di Mandar lahir atas pengaruh tidak langsung dari agama islam
Tari Patudduq,Sedangkan pada bagian bawah biasanya menggunakan sarung tenun khas Mandar.
Tari Patudduq,"Untuk bagian rambut penari biasanya digelung dan di beri hiasan seperti bunga, maupun menggunakan tusuk berwarna emas. "
Tari Patudduq,Salah satu diantaranya adalah tari Pattu’du yang merupakan tarian yang berasal dari upacara pemujaan dan penghormatan kepada Penguasa/Raja
Tari Patudduq,Namun disisi lain belum ada yang mengangkat tentang tari Pattu’du Tommuane khususnya makna dan simbolik kostum tari Pattu’du Tommuane tersebut
Tari Patudduq,"Adapun Makna dari semua ragam gerak tari Pattu’du Tommuane yaitu inti dari semua ragam gerak tersebut adalah hanya sebagai hiburan untuk masyarakat yang menyukai tarian Pattu’du Tommuane, dan juga sebagai gambaran semangat juang masyarakat dalam mencapai kesuksesan."
Tari Patudduq,"Tari Pattu’du mempunyai gerak yang halus. Perpindahan dari satu gerak ke gerak yang lain itu menghendaki kehalusan, sehingga dasar tari ini sebenarnya ialah ‘kehalusan’."
Tari Patudduq,Bentuk kostum tari Pattu’du Tommuane. Yang dimaksud kostum di sini adalah bentuk atau wujud pakaian yang dirancang sesuai dengan karakter tarian ini
Tari Patudduq,"Perkembangan cara penggunaan kostum tari Pattu’du Tommuane.Yang  dimaksud perkembangan di sini  ialah perubahan, tumbuh, bertambah, dan menuju ke arah yang lebih baik, ditinjau dari dari tata cara penggunaan kostum tersebut dan aksesoris yang dipakai"
Tari Patudduq,Makna simbolik kostum tari Pattu’du Tommuane. Yang dimaksud makna simbolik di sini adalah suatu pemaknaan atau penafsiran yang menandai sesuatu yang lain mengenai kostum/pakaian tari Pattu’du Tommuane tersebut.
Tari Patudduq,Properti pada kostum tari Pattu’du Tommuane di Kabupaten Majene adalah: Utte' (perisai) dan Bandang bulu manu' (tombak)
Tari Patudduq,"Bentuk kostum tari  Pattu’du Tommuane pada zaman dahulu hanya memakai aksesoris pada bagian dada, calana alang, dan lipa’ sa’be (sarung sutra)."
Tari Patudduq,"Seiring perkembangan zaman, perkembangan penggunaan kostum Pattu’du Tommuane mengalami perubahan, yakni penggunaan kostum tidak lagi berdasarkan strata sosial dimasyarakat"
Tari Patudduq,bahwa awal terciptanya tari Pattu’du Tommuane itu sekitar abad ke XVII oleh seorang Panglima Perang kerajaan Balanipa bernama Daeng Rioso
Tari Patudduq,"Tari Pattu’du Tommuane ini sendiri berfungsi untuk menanamkan jiwa patriot para remaja istana yang dipersiapkan untuk menjadi panglima-panglima perang sehingga wujud dari tari ini adalah tari perang yang dapat ditarikan dalam jumlah yang tak terbatas, tetapi para penari harus berpasang-pasangan"
Tari Patudduq,Pada zaman dahulu kala tari Patuddu' ini biasanya ditarikan oleh sekurang-kurangnya 14 orang putra dan putri yang belum kawin
Tari Patudduq,"Adapun fungsi dari kostum dan aksesoris dari tari Pattu’du Tommuane adalah sebagai azimat, perisai, atau pelindung, sebagai identitas lambang adat-istiadat pada masyarakat Mandar"
Tari Patudduq,Dari sisi adat-istiadat makna yang terkandung adalah bahwa  kostum tari Pattu’du Tommuane merupakan keperkasaan dan keberanian para pemuda Mandar dalam berperang mempertahankan kerajaan serta dalam menghadapi tantangan hidup
Tari Patudduq,Tarian  patutudu  ini adalah jenis tarian yang di maknai sebagai ungkapan rasa syukur dan gembira atas kedatangan para tamu. Hal tersebut terlihat dari senyum dan ekspresi para penari saat menari. Selain itu gerakannya yang lemah lembut menggambarkan sifat wanita yang suci dan penuh kasih.
Tari Patudduq,"Mereka menari dengan iringan irama gendang sambil membawa tombak dan pedang. Karena tarian ini menggunakan tombak dan pedang, tarian ini juga disebut tari perang"
Tari Patudduq,Balanipa dulu merupakan salah satu kerajaan yang berdiri di daerah provinsi Sulawesi Barat
Tari Patudduq,"Setiap kali pasukan perang pulang, warga kerajaan tersebut selalu melakukan penyambutan dengan tarian Patuddu."
Tari Patudduq,"Tarian ini memiliki makna, bahwa telah datang para pejuang dan pahlawan negeri."
Tari Patudduq,Tari Patuddu cocok dipentaskan untuk menyambut para tamu istimewa hingga saat ini.
Tari Patudduq,"Warnanya arkais, merah tua atau cokelat kemerahan, dengan sarung mandar yang sangat halus tenunannya."
Tari Patudduq,Tari Patuddu’ ini pada dasarnya menunjukkan kelemahgemulaian wanita Mandar.
Tari Patudduq,"Gerakan-gerakannya memerlukan kemulusan dan kehalusan gerak yang diiringi oleh bunyi-bunyi genderang dan gong yang mengingatkan orang berlayar dalam ketenangan, tanpa mempedulikan gemuruh gelombang yang menderu-deru."
Tari Patudduq,"Tari Patuddu’ yang dipertujukkan di depan keramaian umum, penarinya tentu tidak boleh terdiri atas orang-orang istana, melainkan dari penari rakyat juga, dan sangat menarik umum untuk menontonnya"
Tari Patudduq,Pada zaman dahulu kala tari Patuddu’ ini biasanya ditarikan oleh sekurang-kurangnya 14 orang putra dan putri yang belum kawin.
Tari Patudduq,"Selain sebagai bagian dari budaya masyarkat Mandar, tarian ini kini juga menjadi salah satu daya tarik wisata di Sulawesi Barat."
Tari Patudduq,Selain itu penari putra juga membawa properti berupa tombak dan perisai layaknya seorang prajurit.
Tari Patudduq,Siapa wanita Sulawesi Selatan yang menyuguhkan tari Patuddu dari Mandar?
Tari Patudduq,Pada masa Kolonial tari Pattu’du berfungsi sebagai tari rakyat yang ditampilkan di pasar malam yang dilaksanakan oleh Belanda
Tari Patudduq,"kemudian Pattu’du dijadikan sebagai bagian dari acara resmi pemerintahan seperti penjemputan tamu Agung dari dalam maupun di luar Provinsi,"
Tari Patudduq,"dapat disimpulkan bahwa tari Pattu’du merupakan tari tradisional Mandar yang pada awalnya dipersembahkan terhadap para leluhur, kemudian berkembang dan masuk dalam lingkungan kerajaan, lalu dijadikan sebagai tari penjemputan tamu Agung dan akhirnya menjadi tari rakyat untuk menghibur masyarakat."
Tari Patudduq,Sayyang Pattudu adalah warisan budaya takbenda dari daerah Kabupaten Polewali Mandar. Arti dari Sayyang Pattudu adalah kuda yang menari.
Tari Patudduq,Sayyang Pattudu diadakan untuk syukuran pada acara khatam Al-Qur'an di sebuah kampung di Polewali Mandar
Tari Patudduq,"Sayyang Pattudu umumnya diadakan bersamaan dengan perayaan Maulid Nabi Muhammad atau pada bulan Rabiul awal, Rabiul akhir dan Jumadil awal."
Tari Patudduq,Tradisi Sayyang Pattu’du’ diadakan sejak masuknya Islam pada masa pemerintahan raja keempat Kerajaan Balanipa yaitu Daengta Tommunae.
Tari Patudduq,Sayyang Pattudu awalnya hanya dilakukan oleh para bangsawan Kerajaan Balanipa. Tradisi ini kemudian berkembang menjadi tradisi masyarakat Mandar.
Tari Patudduq,"dengan  kedatangan  agama  Islam  seperti sayyang  pattudu  atau  messawe  di  saiyyang  pattu’du’ Alq ur’an  menunggang  kuda  penari) (orang  yang  khatam masyarakat  dapat  menambah  ke  indahannya karena  terkontaminasi  oleh  pengaruh  Islam,"
Tari Patudduq,Tari pattudu' pada masyarakat Mandar di Kabupaten Majene
Tari Patudduq,Makna Simbolik Kostum Tari Pattu'du Tommuane di Kabupaten Majene
Tari Patudduq,"Tari ini berasal dari etnis Mandar, yang sampai saat ini dijadikan model, selain etnis, Bugis, Makassar dan Toraja"
Tari Patudduq,Kalindaqdaq dalam Tradisi Sayyang Pattudu di Kecamatan Mapilli Kabupaten Polewali Mandar
Tari Patudduq,"Akulturasi Budaya Islam dan Tradisi Sayyang Pattu'du di Desa Lero, Kecamatan Suppa, Kabupaten Pinrang"
Tari Patudduq,Strategi Politik dan Budaya (Studi Terhadap Sayyang Pattu'du Dalam Pilkada Serentak 2015 Di Kecamatan Malunda Kabupaten Majene)
Tari Patudduq,Seperti yang terjadi dipilkada Kabupaten Majene 2015 dimana salah satu pasangan calon menggunakan tradisi sayyang pattu’du sebagai sarana untuk bersosialisasi untuk mendapatkan dukungan massa
Tari Patudduq,Resepsi Masyarakat Mandar terhadap Budaya Sayyang Pattu'du pada Program Tayangan Indonesia Morning Show di NET TV
Tari Patudduq,Tradisi ini mengandung nilai-nilai pendidikan Islam dan keberadaan tradisi sayyang pattu’du menjadi motivasi kepada anak-anak untuk khatam Al-Qur’an.
Tari Patudduq,Nilai-Nilai Pendidikan Islam dalam Tradisi Sayyang Pattu'du di Desa Lero
Tari Patudduq,tradisi sayyang pattu’du di Lero merupakan warisan budaya turun- temurun dari nenek moyang yang merupakan akulturasi budaya dan agama yang berkembang menjadi tradisi Islam di masyarakat suku Mandar
Tari Patudduq,Tipe tarinya adalah drama tari. Konsep geraknya merupakan perkembangan gerak dari tari Pattudu
Tari Patudduq,Untuk mengetahui bagaimana bentuk gerak Tari Pattuddu Kumba di Kecamatan Tinambung Kabupaten Polewali Mandar
Tari Patudduq,Studi Morfologi Tari Pattuddu Kumba di Kecamatan Tianambung Kabupaten Polewali Mandar Dengan Sistem Notasi Laban
Tari Patudduq,Kisah Asal Mula Tari Patuddu - Cerita Rakyat Sulawesi Barat
Tari Patudduq,"Sepulangnya dari perang, Kerajaan Balanipa mempunyai caranya tersendiri untuk menyambut para pasukan yang pulang dari medan perang tersebut, salah satunya dengan menampilkan Tari Patuddu ini"
Tari Patudduq,"Selain bunyi Genderang dan Gong, di beberapa pertunjukan ada pula yang menambahkan alat musik sejenis Kecapi dan Suling sebagai variasi agar terlihat lebih menarik."
Tari Patudduq,"Perancangan tidak bermakna sebagai pembuat atau koreografer Pattu’du yang tidak diketahui siapa pencipta sesungguhnya (NN), melainkan upaya yang dilakukan untuk mempermudah bagi mereka yang berminat mempelajari dan mengajarkan Pattu’du’ dengan teknik volume"
Tari Patudduq,"Antara tahun 1952 sampai 1965 beliau mengolah, membina, dan menciptakan beberapa tari kreasi Sulawesi Selatan. Diantaranya Tari Pakarena, Tari Patuddu, Tari Bosara, Tari Pattennung, Tari Pa'duppa, Tari Pa'bekkenna Majinna, serta tari-tari lainnya."
Tari Patudduq,Maka oleh masyarakat setempat gerakan Bidadari Kencana meng- ipas-ngipaskan selendangnya saat menyusuri pelangi diabadikan menjadi sebuah tarian yang indah dalam tarian Patuddu'
Tari Patudduq,penata tari akan menyimbolkannya dengan rambut panjangnya yang dipotong yang akan digunakan penari perempuan dan mengembangkan motif gerak khas mandar dan motif gerak sentuhan jari tengah yang biasa disebut Pucu’na dan mengembangkan beberapa gerak dari tari Pattu’du Mandar
Tari Patudduq,Gerak yang digunakan dalam karya ini gerakannya diambil dari pengembangan motif gerak tradisonal Mandar yaitu motif gerak tari Pattuqduq gerak jari Mandar atau yang biasa di sebut Pucu’na dengan menggambarkan cerita dari kisah putri Kerajaan Tie-Tie yaitu Putubunga Masagala.
Tari Patudduq,"Sedangkan  kesenian  tradisional  yang terkenal  adalah  tari  Pattu’du’  yang  pada  masa  lalu  merupakan  tarian  istana,  yaitu untuk  menghibur  raja  dan  para  tamunya."
Tari Patudduq,Seperti halnya tari Pattu'du yang juga ditampilkan pada peringatan maulid
Tari Patudduq,"Tokoh  adat yang  menempati  tempat  duduknya merupakan  penanda  dikibarkan Cakkuriri,  pemukulan  gendang,  dan terdapat  Pattu’du  tommuane  anna’ towaine (penari perempuan). "
Tari Patudduq,Pattu’du dan towaine (penari  perempuan)  untuk  umum  dan pattu’du  tommuane  (penari  laki-laki) untuk  adat. 
Tari Patudduq,Tari Patuddu dari Sulawesi Selintang bidadari-bidadari dari kahyangan yang turun ke marcapada untuk mandi
Tari Patudduq,Gerakan-gerakan bidadari yang sedang mandi itulah yang menjadi tema tari patudd
Tari Patudduq,Tari Patuddu merupakan tarian tradisional yang lebih bersifat tarian penyambutan atau hiburan sehingga tarian ini sering ditampilkan untuk acara penyambutan para tamu terhormat maupun tamu dari kenegaraan.
Tari Patudduq,"Analisis bentuk gerak tari Pattu’du’ Kumba, sebagi model dalam tari etnis Mandar dalam tulisan ini, secara garis besar menjadi salah satu konsep pelestarian tari Pattu’du, sekalipun dalam tahap awal masih dalam proses pendeskripsian gerak dengan teknik volume, yakni dengan cara mendeskripsikan bentuk fisik dari gerak tari yang berpatokan pada jumlah hitungan, dan bentuk gerak pada tubuh penari, yang meliputi gerak tangan, gerak kaki, gerak badan, dan gerak kepala"
Tari Patudduq,Tari Pattu’du’ Kumba merupakan tari tradisonal peninggalan masa lampau di Mandar
Tari Patudduq,"bahwa tari Pattu’du’ Kumba tidak hanya ditarikan dengan teknik gerak yang baik, akan tetapi masyarakat terutama generasi muda"
Tari Patudduq,"sehingga penguatan keberadaan Pattu’du Kumba dalam masyarakat etnik Mandar khususnya, dapat bertahan dan berkesinambungan dari generasi ke generasi sebagai pewaris budaya."
Tari Patudduq,Juga dipersembahkan saat kedatangan tamu atau kunjungan dari kerajaan lain maka pattu’du’lah menjadi suguhan pertama sebelum melakukan pembicaraan lebih lanjut
Tari Patudduq,"Namun setelah Mara’dia pertama dari Ammara’diangan bertahta yaitu I Manyambungi di Balanipa Mandar, Pattu’du’ dikembangkan dan dijadikan persembahan khusus kepada acara-acara tertentu seperti acara pelantikan dan kelahiran anak-anak bangsawan tinggi serta anak-anak anggota hadat. Selain itu, masih tetap digunakan sebagai sarana untuk memuja para leluhur (Dewa)"
Tari Patudduq,"Tari pattu’du’ yang dipentaskan masih nampak stratifikasi sosial penarinya, yaitu anak mara’dia (raja), atau anak dari kaum hadat, dan rakyat biasa. Sehingga disebut Tu’du’ Puang, Tu’du’ Tau Pia, dan Tu’du’ Sassabuarang"
Tari Patudduq,"Pattu’du’ dapat juga berarti sebagai nama suatu tarian yang sejak abad ke XV Raja (Mara’dia) Balanipa I, I Manyambungi telah memiliki kelompok penari yang disebut sappi’elloang"
Tari Patudduq,"Pattu’du sebagai tarian dapat dibagi/diklasifikasi` menurut jenisnya terdiri dari; Tu’du’ Kumba, Tu’du Sore, Tu’du Sarabadang, (Sarabadang Mattipas, Sarabadang Tammattipas), Tu’du’ Cakkuriri, Tu’du’ Losa-losa, Tu’du Palappa, Tu’du Denggo, dan Tu’du’ Sawawar/Salonreng. Semua jenis tu’du’ ini terdapat pada Pitu Ba’bana Binanga, sementara yang ada pada Pitu Ulunna Salu terdiri atas; Malluya, Bulu Londong, Burake, Sallia, Bondesan, Manganda dan Alu-alu."
Tari Patudduq,"Berbagai jenis Tu’du yang ada pada masyarakat Mandar, tulisan ini difokuskan pada Ragam Gerak Tari Pattu’du’ Kumba yaitu; Uru-uruna, Ragam Mallape’ Sipi’, Ragam Mi’oro Miundur. Ragam Mioro Mijaramming, Ragam Appe’ Mata Anging, Ragam Sau Dhomai, dan Millamba Malai"
Tari Patudduq,Pattu’du’ Kumba adalah salah satu dari sekian banyak tari Pattu’du Tobhaine (tari yang dilakukan oleh perempuan).
Tari Patudduq,"Tari Pattu’du dewasa ini banyak dijumpai, khususnya tari Pattu’du Kumba dilaksanakan pada acara penyambutan tamu di daerah, to siala (pengantin), to misunna (khitanan), disesuaikan dengan waktu dari penyelenggara acara, tanpa menghilangkan nilai-nilai yang terkandung dalam Pattu’du. "
Tari Pagellu,"Pembelajaran Tari Pa’gellu’ di Desa Lembang Buttu Limbong Tana Toraja Sulawesi Selatan merupakan tarian sukacita yang biasa dipentaskan pada upacara adat yang sifatnya riang gembira seperti peresmian rumah, penyambutan tamu, pesta panen, mendiami rumah baru, upacara Rambu Tuka’  (upacara syukuran)"
Tari Pagellu,Makna gerak pa’gellu’tua di desa Pangala’ kabupaten Toraja Utara.
Tari Pagellu,"Tari Pa'gellu' di Rambu Tuka ,generasi yang akan menjadi penerus untuk melestarikan budaya tradisional. Toraja sehingga ritual atau simbol yang terkandung dalam prosesi 'Rambu Solo' dan 'Rambu Tuka' hanyalah tontonan sebagai pelengkap upacara adat yang mereka lakukan tanpa mengetahui proses dan makna di balik ritual. sebagai sesuatu yang sakral, yang penuh dengan budaya makna yang mencerminkan kekayaan budaya di Toraja"
Tari Pagellu,"Karya Male'sau mempresentasikan proses mengantar jenazah menuju puya. Bentuk garapan berupa tari semitradisional, mengembangkan gerak-gerak dari tari tradisi Toraja yaitu tari Pa’gellu dan Pa’landing. Selain menjadi sajian bentuk tari baru yang inovatif, karya tari Male Sau’ Puya diharapkan akan memberikan warna baru bagi perkembangan pertunjukan tari di Tana Toraja"
Tari Pagellu,"Salah satu tarian yang ditampilkan didalam ritus Ma’Bua’ yaitu Pa’Gellu’.Pa’gellu’ menggambarkan siklus kehidupan orang Toraja dari lahir, bagaimana mereka berkelakuan di bumi lalu menuju kematian. Pa’gellu’ sangat memiliki posisi penting dalam ritus Ma’Bua’ terutama karena Pa’gellu’ menggambarkan atau mengingatkan kita bahwa kehidupan didunia ini hanyalah sementara."
Tari Pagellu,Musik yang digunakan dalam ibadah tersebut merupakan musik Gandang Toraja sebagai iringan tarian Pa’gellu. Salah satunya yaitu Ibadah Natal yang diselenggarakan oleh Kerukunan Tikala di Gereja Toraja Jemaat Elim Balikpapan p
Tari Pagellu,"Penampilan pertama dari kelompok 1 yaitu tari pa’ gellu kreasi, kelompok 1 menampilkan gerakan tariannya dengan baik di awal semua anggota menari dengan baik dan benar serta serius pandangan fokus kedepan dan senyum."
Tari Pagellu,"Dari tari Pa’gellu, gerak henjutan tubuh dengan sikap kaki satu menapak dan kaki satunya menjinjit dengan kualitas gerak mengalun, dari tari Pa’randing, henjutan tubuh dengan sikap kaki satu melangkah kemudian kaki lainnya mengikuti"
Tari Pagellu,"Kata pa’gellu atau ma’gellu dalam Tari Pa’gellu berarti menari dengan gembira maka lima, tujuh, sembilan, atau jumlah ganjil selanjutnya dari para penari tarian ini wajib memasang wajah ceria. Tangan, kaki dan tubuh mereka harus bergerak ritmis penuh pesona"
Tari Pagellu,"Penampilan pagelaran Tari Pa’gellu’ yang biasa dipentaskan maksud untuk menghibur hati penontonnya, Tarian ini melambangkan kesukacitaan masyarakat Toraja, sehingga tarian ini ditarikan pada upacara Rambu Tuka’ yaitu upacara sukacita (ada satu bagian yang menarik dan tidak bisa dilepaskan dari tarian pa’gellu’ yaitu kegiatan ma’toding (memberikan sejumlah uang kepada para penari dengan disisipkandi hiasan kepala mereka)."
Tari Pagellu,Pa’ Gellu’ Pangala’ adalah salah satu tarian tradisional Tana Toraja yang dipentaskan pada acara pesta Rambu Tuka. Tarian ini juga ditampilkan untuk menyambut para patriot atau pahlawan yang kembali dari medan perang membawa kemenangan
Tari Pagellu,"Adapun kesenian-kesenian daerah Toraja diantaranya ada seni tari dan seni musik. Kesenian tersebut diantaranya tari pa’gellu, tari pa’ dao bulan, tari bone balla’, ma’katia, ma’nani’, manimbong, ma’marakka, ma’badong, massailo, ma’dondi’, manganda’, ma’retteng,"
Tari Pagellu,"Selain dari saling membantu dalam berbagai kegiatan sosial, Masyarakat Mengkendekterkhusus di Lembang Buntu Datu Masyarakat Muslim juga masih melaksanakan berbagaikegiatan tari-tarian yang dilaksanakan pada saat acara sedang berlangsung seperti Tari Pa’gellu"
Tari Pagellu,tarian pa’gellu massal yang di padu dengan tarian manimbong dan segala jenis atraksi budaya. Kemudian di tahun 2009 ada atraksi wisata alam yaitu jelajah nusantara yang menghadirkan gowes sepeda sebagai upaya mengajak masyarakat untuk lebih kembali dan lebih
Tari Pagellu,"tari Pa’gellu dan Pa’randing dan juga menghadirkan esensi tarian Ma’badong untuk menciptakan suasana dramatik Rambu Solo’. Untuk memperkuat nuansa tradisi Toraja, dipilih musik iringan yang menggunakan instrumen utama musik Toraja yaitu gendang dan suling"
Tari Pagellu,"Pentas seni untuk upacara rambu luka', juga dibedakan atas dua jenis yaitu tarian yang bersifat sukacita, misalnya dalam menghadapi perkawinan, keberhasilan panen atau syukuran lainnya scpcrti: tari pa'gellu, tari pa'nbonebala, tari pa'lambuk pare, dan lain-lain. Tarian ini hanya dibawakan oleh kaum wanita"
Tari Pagellu,"satu ciri khas orang Toraja adalah gotong-royong, hal ini terlihat dalam tradisi sembangan ongan (bantuan keluarga atau kenalan sebagai ungkapan kekeluargaan ) yang ditujukan untuk membantu pelaksanaan ritual rambu tuka, mulai dari pembuatan pondok-pondok untuk para tamu yang hadir, sampai terlaksannya kegiatan ritual rambu tuka’ dan tempat rekreasi dan memberi makan rakyat artinya berbagai atraksi ditampilkan seperti, ma’ pasilaga tedong (adu kerbau), ma’ sembangan ongan (barisan tamu), ma’gellu’ (menari), massuling lembang (suling lembang), dan ma’randing (tarian penyambutan tamu)"
Tari Pagellu,"Dari beberapa jenis tarian tersebut, peneliti tertarik mengangkat tari Pa’gellu’, tari Pa’gellu’ merupakan tari tertua yang ada di Toraja yang harus dilestarikan keberadaannya oleh masyarakat Toraja"
Tari Pagellu,"Proses pembelajaran tari Pa’gellu’ yang dilakukan di Desa Lembang Buttu limbong Tana Toraja Sulawesi Selatan, diajarkan pada siswa yang berada pada jenjang SMP (Sekolah Menengah Pertama). Adanya penyebaran virus Corona atau Severe acute respiratory syndrome coronavirus 2 (SARS-CoV-2 merupakan virus yang menyerang sistem pernapasan. Penyakit yang disebabkan oleh virus ini disebut Covid-19."
Tari Pagellu,"Dalam buku yang berjudul “The Guide Magazine Toraja” tari Pa’gellu’ merupakan tarian yang sering dipentaskan pada upacara kegembiraan seperti, pesta perkawinan, syukuran panen, acara pernikahan dan penyambutan tamu terhormat. Tarian Pa’gellu’ yang biasa di bawahkan oleh penari putri, diiringi dengan gendang dan ditabuh oleh remaja putra"
Tari Pagellu,"tari Pa’gellu’ yang merupakan salah satu tari tertua yang ada di daerah Toraja. Tari Pa’gellu’ merupakan tari kegembiraan yang ditarikan pada acara Rambu Tuka’ seperti acara per-nikahan, syukuran rumah adat, syukuran atas hasil panen dan masih banyak lagi."
Tari Pagellu,Tari ini juga lahir dari rakyat pada saat mereka pulang dari medan perang dan membawa kemenangan lalu menari-nari sebagai bentuk kegembiraan mereka. Tari Pa’gellu’ juga memiliki ciri khas pada bentuk kaki yang selalu jinjit
Tari Pagellu,tari Pa’gellu’ merupakan tarian sukacita yang digunakan dalam upacara adat keagamaan sebagai wujud ungkapan syukur kepada Tuhan Yang Maha Esa atas segala Rahmat yang Tuhan diberikan.
Tari Pagellu,"Tarian Pa’gellu’ biasa dipentaskan pada upacara keagamaan seperti: syukuran Tongkonan (rumah adat Toraja), menyambut tamu, pesta pernikahan, acara gereja dan upacara keagamaan lainnya yang berhu-bungan dengan upacara sukacita."
Tari Pagellu,"Pa’gellu’ merupakan suatu bentuk seni yang lahir dalam rangkaian upacara adat Rambu Tuka. Kapan dan bagaimana tarian ini tercipta pertama kali, tidak diketahui namun, dapat dikatakan bahwa tarian ini tumbuh sejak suku bangsa Toraja ada dan melangsungkan upacara-upacara adat mereka"
Tari Pagellu,"tumbuh dan berkembangnya tari Pa’gellu’ dilatarbelakangi juga oleh peran serta kaum bangsawan karena, pada saat itu yang boleh menari hanya kaum bangsawan"
Tari Pagellu,Awalnya tari Pa’gellu’ muncul dari ungkapan rasa syukur yang dieks-presikan dengan gerakan-gerakan secara spontan dari orang-orang yang hadir pada saat upacara syukuran diselenggarakan.
Tari Pagellu,"Perkembangan motif gerak dalam tari Pa’gellu’ dapat dilihat dari tahun ke tahun. Pada rentangan waktu penjajahan Belanda dan Jepang di Tana Toraja (1907-1945),"
Tari Pagellu,"tari Pa’gellu’ hanya mempunyai tiga pokok gerakan yaitu gerakan Pa’dena-dena, gerak pa’kaa-kaabale dan gerakan Pa’tulekken"
Tari Pagellu,gerak tari Pa’gellu’ sehingga menjadi 12 ragam gerak. Kadang- kadang 12 ragam gerak tari Pa’gellu’ yang dipentaskan tidak selalu sama antara satu lembang dengan lembang lainnya atau antara satu kecamatan dengan kecamatan lainnya karena ada gerak-gerak lain yang dipentaskan
Tari Pagellu,Banyaknya tari Pa’gellu’ yang mewakili wilayah-wilayah di Tana Toraja sangat memperkaya rasa kesatuan seni daerah Tana Toraja
Tari Pagellu,"Tata Rias dan Busana, seni pertunjukan seni tari Pa’gellu’, tidak terlepas dari yang namanya tata rias/make-up. Busana yang digunakan berupa gelungan (Sa’pi dan bisa juga bentuk gelungan dengan motif Toraja yang bisa menggantikan sa;pi’ seperti pada gambar tetapi yang lebih umum digunakan yaitu Sa’pi’), sepasang anting- anting (tida-tida), bayu bussuk/baju Toraja, rok, sokkong baju, Ambero, gelang (Komba boko’), manik, gayang dan passura’."
Tari Pagellu,"Pa’gellu’tua ini menarik karena hanya bisa dijumpai di daerah pangala’, dan kegiatan ma’toding (kewajiban memmberikan sejumlah uang kepada para penari dengan disisipkan di sa’piatau hiasan kepala mereka.)"
Tari Pagellu,Bentuk dasar tarian Pa’gellu’ tua yaitu ra’pak dan nondo (jinjit). Tarian ini memilki lima ragam dasar gerak yang berbeda dengan pa’gellu’ yang memilki dua belas ragam gerak
Tari Pagellu,"Makna dan simbol dari pa’ gellu’ tua ini yaitu merupakan benuk kebangaan, sukacita bagi masyarakat Toraja atas segala berkat yang telah dilimpahkan oleh Puang Matua."
Tari Pagellu,Ragam Gerak Ragam gerak dalam pa’gellu’tua yaitu: 1. Dena’-dena’ Ragam pertama yang disebut dengan dena’-dena’yaitu menyimbolkan burung pipit.
Tari Pagellu,Gellu’Tua Ragam kedua yang disebut dengan gellu’tua menyimbolkan tanda penghormatan kepada Deata/ Tuhan.
Tari Pagellu,Ragam gerak dalam pa’gellu’tua yaitu: Pa’tulekkken: Ragam ketiga yang biasa disebut dengan pa’tulekken Menyimbolkan istirahat dari setiap aktifitas yang dilakukan.
Tari Pagellu,Ragam gerak dalam pa’gellu’tua yaitu: Passiri Ragam keempat yang biasa disebut dengan passiri menyimbolkan wanita yang sedang menapih beras.
Tari Pagellu,"Ragam gerak dalam pa’gellu’tua yaitu: Pa’ra’pak pentallun Ragam kelima yang. Biasa disebut dengan pa’ra’pak penttallun menyimbolkan air, api dan udara dan posisi kaki kanan di depan dan kaki kiri di belakang sambil nondo/jinjit."
Tari Pagellu,Pa’gellu’ berasal dari kata dasar Pa’ artinya melakukan gellu’ menari jadi pa’gellu’berarti sedang menari.pa’gellu’ditarikan oleh gadisgadis.
Tari Pagellu,"Pa’gellu’tua memilki fungsi sebagai tarian untuk menyambut tamu yang telah datang pada acara tersebut seperti ma’bua’, pernikahan, dan ungakapan syukur lainnya. pa’gellu’tua memilki 5 ragam gerak yaitu dena’- dena’, pa’ gellu’tua, pa’ tulekken, passiri, dan pa’ra’pak pentallun"
Tari Pagellu,Tari pa’gellu tua adalah salah satu tari tradisional yang berasal dari toraja yang diciptakan untuk menyambut para pahlawan yang pulang membawa kemenangan dari tempat peperangan.
Tari Pagellu,Tarian ini pertama kali ditarikan di desa pangala’ dan berkembang ke daerah-daerah toraja yang lainnya yang memilki fungsi sebagai persembahan/ sebagai tarian
Tari Pagellu,"Bagi masyarakat toraja sebagai pemilik pa’gellu’ tua harus tetap melestarikan dan menjaga budayanya, meskipun memilki banyak perubahan namun sebagai masyrakat toraja harus mengerti makna dari setiap yang di tampilkan pada pa’gellu’tua"
Tari Pagellu,"Bagi masyarakat pangala sebagai pemilik dari tarian pagellu tua harus tetap menjaga budayanya meskipun sudah mengalami berbagai tantangan yang menyebabkan tenggelamnya tarian ini, agar eksistensi tarian ini tidak hilang"
Tari Pagellu,Bagi para seniman dan pemerintah di Toraja harus lebih sering mempertunjukan tarian pa’gellu tua agar keaslian dan makna dari tarian ini tetap terjaga
Tari Pagellu,Gerak tangan yang lembut dan pelan pada tari Pa’gellu dipandang tepat untuk mengekpresikan kesedihan dalam karya Male Sau’ Puya
Tari Pagellu,Atas dasar inilah gerak penari putri dalam karya Male Sau’ Puya menggunakan gerak tari tradisi Pa’gellu yang hanya ditarikan oleh penari putri dengan melakukan eksplorasi pengembangan gerak tangan memutar dengan cepat sambil maju ke depan.
Tari Pagellu,"tari Pa’gellu, tari Pa’landing merupakan bagian dari rangkaian upacara ritual Rambu Solo’, erat hubungannya dengan kegiatan keagamaan masyarakat Tana Toraja yang sangat percaya pada kepercayaan Aluk Todolo."
Tari Pagellu,Tari Toraja - Pa’Gellu Tarian ini merupakan salah satu tarian tertua yang ada di Toraja atau Sulawesi Selatan. Tarian ini ditarikan ketika acara-acara yang melambangkan sukacita
Tari Pagellu,"Pada masyarakat di Toraja tarian ini bernama Pa’gellu, Gellu itu artinya tari, Ma’gellu berarti menari dan Pa’gellu artinya penari."
Tari Pagellu,"Tarian ini diiringi oleh alat musik tradisional dari Toraja yaitu gendang, suling, dan beberapa alat nusik tradisional lainnya. Tarian ini menggambarkan kegembiraan dan sukacita"
Tari Pagellu,Karena itu Pa’gellu ditarikan oleh gadis - gadis muda yang diidentikkan dengan keceriaan dan kegembiraan.
Tari Pagellu,"Pa’gellu dimainkan pada acara syukuran, pernikahan dan perayaan lainnya. Untuk kostum dan busana serta aksesoris yang digunakan dilengkapi dari perhiasan emas, perak, keris emas/sarapang balawan, kandaure/manik-manik, sa’pi ulu’ (hiasan dikepala penari), tali tarung, bulu bawan, rara’ mastura, oran-oran komba boko’ dan lain-lain."
Tari Pagellu,"Ma’tabe Gerak membungkuk (Ma’tabe), jongkok dan berlutut sambil mengatupkan tangan di dada menjadi pembuka Tari Pagellu."
Tari Pagellu,Pa’dena-dena Salah satu gerakan Tari Pa’gellu yang menyerupai gerakan dari burung pipit terbang.
Tari Pagellu,Pa’kaa-kaa bale Salah satu gerakan Tari Pa’gellu yang menyerupai gerakan dari ikan berenang.
Tari Pagellu,"Tari tradisional merupakan tarian yang berasal dari masyarakat suatu daerah yang secara turun temurun dan sudah menjadi budaya masyarakat setempat seperti Pa'gellu tari tradisional' di Tana Toraja, tarian ini dikembangkan secara turun temurun dan diiringi oleh musik tradisional"
Tari Pagellu,Salah satunya adalah Pa'gellu' tariyang hanya ditampilkan pada Rambu Tuka acaraseperti pernikahan dan acara pindah rumah.
Tari Pagellu,"pa'gellutarian' juga sering dipentaskan pada upacara-upacara yang menyenangkan seperti pernikahan, syukuran hasil panen, dan resepsi kehormatan. Tarian ini dibawakan oleh remaja putri dalam jumlah ganjil dan diiringi tabuhan gendang oleh empat pemuda."
Tari Pagellu,"Busana dan aksesoris Tari Pa'gellu yang digunakan khusus untuk penari dengan perhiasan yang terbuat dari emas dan perak seperti Keris Emas / Sarapang Bulawan, Kan daure, Sa'pi 'Ulu', Tali Tarrung, Bawan Bulu, Rara', Mastura, Manikkata, Oran-oran, Lola 'Pali' Gaapong, Komba Boko' dan lainnya."
Tari Pagellu,"Yang lebih unik dan menarik dari tarian Pa'gellu ketika para penarinya sedang mementaskan para tamu yang hadir pada acara tersebut melakukan saweran atau masyarakat setempat menyebutnya Ma' Toding, dan para penarinya memiliki tubuh yang lentur saat menariknya."
Tari Pagellu,"Sesuai dengan penjelasan diatas maka penulis menyimpulkan bahwa Pa'gellu tariberbeda dengan tarian tradisional lainnya yang ada di Indonesia, dari segi tempat diadakannya tarian ini, tarian ini lebih sering ditarikan pada acara hajatan maupun pernikahan"
Tari Pagellu,"Pa'gellu tariberbeda dengan tarian tradisional lainnya yang ada di Indonesia, dari segi tempat diadakannya tarian ini, tarian ini lebih sering ditarikan pada acara hajatan maupun pernikahan"
Tari Pagellu,"Selain itu Pa'gellu' aksesorismembuatnya berbeda dengan aksesoris tari lainnya, dimana aksesoris ini terdiri dari berbagai macam perhiasan dan perak yang memiliki fungsi masing-masing"
Tari Pagellu,"Alat musik yang digunakan adalah Gendang, Gendang akan dimainkan oleh laki-laki sedangkan yang laki-laki memainkan kendang, dan para wanita segera menari mengikutiPa'gellu tarian."
Tari Pagellu,"Tari pa'gellu atau terkenal dengan sebutan pa’gellu pangala ini pertama kali diciptakan oleh Nek Datu Bua’, yakni pada saat kembali dari medan peperangan yang kemudian dirayakan dengan menari penuh sukacita. Pada waktu itu belum ada alat musik gendang sehingga mereka menggunakan lesung sebagai pengiring tarian."
Tari Pagellu,"Tari Pa'gellu, tarian ini merupakan tari sukacita yang biasa dipentaskan pada upacara adat di Toraja, Sulawesi Selatan yang sifatnya riang gembira. Pa’gellu atau ma’gellu dalam bahasa setempat berarti menari-nari dengan riang gembira sambil tangan dan badan bergoyang dengan gemulai, meliuk-liuk lenggak-lenggok."
Tari Pagellu,"Dalam tarian pa’gellutidak ada batasan jumlah penari dan baik perempuan maupun laki-laki dapat mengikuti tarian ini. Hingga kini tidak ada yang tahu pasti tahun diciptakannya tarian ini. Adapun penari pa’gellu sebelum kemerdekaan, diantaranya: Nek Lekke, Nek Sampe Alo, dan Nek Tangke Lengi’."
Tari Pagellu,"Tari Pagellu diciptakan oleh Nek Satu Buat saat kembali dari medan perang setelah mendapatkan kemenangan atas perang lokal, kemudian penduduk dan prajurit menari-nari tanpa alat musik "
Tari Pagellu,"Trari Pa'gellu Ketika itu, tidak diiringi gendrang seperti sekarang, tetapi menggunakan lesung sebagai pengiring tari. Kemudian tidak ada batasan jumlah penari baik laki-laki maupun perempuan."
Tari Pagellu,"Awalnya bentuk tariannya tidak beraturan, tetapi pada perkembangannya tari Pagellu terus maju hingga akhirnya terdapat 12 gerakan tarian yang indah."
Tari Pagellu,"Tari Ma Gellu atau sering disebut dengan Tari Pa Gellu merupakan salah satu tari tradisional dari Sulawesi Selatan. Awalnya tarian ini dikembangkan di Distrik Pangalla, Kabupaten Toraja Utara. Ma Gellu atau Pa Gellu artinya menari dengan riang gembira."
Tari Pagellu,"Pementasannya hanya di kalangan terbatas dan penarinya pun hanya boleh dari putri bangsawan saja. Sebelum masa kemerdekaan, penari Ma Gellu yang dikenal diantaranya adalah Nek Lekke, Nek Sampe Alo dan Nek Tangke Lengi."
Tari Pagellu,"Di zaman modern ini, Tari Ma Gellu lebih banyak dipentaskan di Upacara Rambu Tuka atau upacara-upacara kegembiraan. Misalnya pada upacara adat perkawinan, syukuran panen, dan acara penerimaan tamu terhormat."
Tari Pagellu,"Tari Pa'gelli  ini juga biasa dipentaskan di upacara adat Ma’bua atau peresmian rumah Tongkonan atau rumah adat Toraja. Tarian ini pun kini boleh dipentaskan oleh masyarakat umum, tidak hanya para bangsawan saja."
Tari Pagellu,"Dahulu, musik pengiring Tari Ma Gellu adalah lesung yang dipukul. Namun saat ini telah digantikan oleh alat musik gendang. Biasanya penabuh gendang adalah remaja putra berjumlah dua atau empat orang. Sedangkan penarinya adalah remaja putri dalam jumlah ganjil, biasanya tiga atau lima orang."
Tari Pagellu,"Pementasan Tari Ma Gellu bisa diadakan siang maupun malam hari, tergantung permintaan penyelenggara. Pementasannya harus benar-benar dilakukan dengan riang gembira"
Tari Pagellu,"Tari Ma Gellu menggambarkan rutinitas sehari-hari perempuan Toraja, serta meniru gerakan hewan yang memiliki makna filosofis. Total ada 12 gerakan dalam Tari Ma Gellu."
Tari Pagellu,"Tari Pa’Gellu adalah salah satu tarian tradisional masyarakat Suku Torajadi Sulawesi Selatan dan dibawakan oleh beberapa penari wanita dengan iringan musik tradisional yang khas. Para penarimenggunakan busana dan aksesoris sepertikeris emas,kandaure, sa’pi’ ulu’, tali tarrung,dan lain-lain. "
Tari Pagellu,Upacara rambu tuka ’menampilkan berbagai tarian salah satunya pa’gellu tua. Pa’gellu tua biasanya dipentasakan di acara Ma’Bua’ yang berhubungan dengan peresmian rumah adat (tongkonan)
Tari Pagellu,"Pa’gellu tua merupakan tarian yang berasal dari desa Pangala’, tarian ini ada sejak zaman dahulu dimana masyarakat toraja masih mengenal kepercayaan animisme (aluk tudolo)."
Tari Pagellu,"Pa’gellu tua ditarikan sebagai ungkapan syukur kepada Deata, untuk keberhasilan yang dicapai seperti berhasilnya atas panen, selesainya rumah adat yang dibangun, acara pernikahan maupun upacara kegembiraan atau ungkapan syukur lainnya."
Tari Pagellu,"Pa’gellu’tua ini menarik karena hanya bisa dijumpai di daerah pangala’, dan kegiatan ma’toding (kewajiban memmberikan sejumlah uang kepada para penari dengan disisipkan di sa’pi atau hiasan kepala mereka.)"
Tari Pagellu,"Pa’gellu’tua memilki fungsi sebagai tarian untuk menyambut tamu yang telah datang pada acara tersebut seperti ma’bua’, pernikahan, dan ungakapan syukur lainnya."
Tari Pagellu,"Bentuk dasar tarian Pa’gellu’ tua yaitu ra’pak dan nondo (jinjit). Tarian ini memilki lima ragam dasar gerak yang berbeda dengan pa’gellu’ yang memilki dua belas ragam gerak. Makna dan simbol dari pa’ gellu’ tua ini yaitu merupakan benuk kebangaan, sukacita bagi masyarakat Toraja atas segala berkat yang telah dilimpahkan oleh Puang Matua."
Tari Pagellu,"pa’gellu’tua memilki 5 ragam gerak yaitu dena’- dena’, pa’ gellu’tua, pa’ tulekken, passiri, dan pa’ra’pak pentallun"
Tari Pagellu,"Gerak pa’dena-dena’ melambangkan seiring perkembangan zaman tari pa’gellu’tua berkembang menjadi 12 ragam yang di patenkan sampai saat ini dengan ragam gerak yaitu :pa’gellu’tua, pa’dena’- dena’, penggirik tangtarru ,pa’kaka’bale, pa’lolo’pao, pangngallo, passiri, pa’tulekken, pangrampanan, penutup/ hormat"
Tari Pagellu,Gerak pertama Tari Pagellu yaitu gerak pa’dena’-dena’. Gerak ini bermakna segala sesuatu harus dikerjakan secara bersama-sama Gerak kedua yaitu pa’gellu’tua memilki makna bahwa dalam kehidupan harus selalu bersyukur dalam segala hal Gerakan ketiga yaitu Ragam ketiga yaitu patulekken yang bermakna keseimbangan
Tari Pagellu,Gerakan keempat Tari Pagellu yaitu passiri yang menyimbolkan wanita yang menirukan gadis yang sedang menampi beras memilki makna dalam hidup harus memilih mana yang baik dan mana yang benar
Tari Pagellu,"Ragam kelima Tari Pagellu memiliki arti dira’pak (dipatahkan) dan pentallun berarti 3 kali yang menyimbolkan air,api, dan udara yang memilki makna dalam setiap kehidupan masyarakat toraja semuanya bersumber dari air,api dan udara"
Tari Pagellu,"Gerak kaki masyarakat Toraja memiliki makna yaitu daerah toraja merupakan daerah yang letak geografisnya berada di dataran tinggi, daerah pegunungan yang sebagian besar masyaraktnya adalah petani. "
Tari Pagellu,"Dalam kaitannya dengan tari Pa’gellu’, nilai sosial yang terdapat dalam tari tersebut melekat dengan fungsi tari itu bagi masyarakatnya. Tari Pa’gellu’ dapat dikatakan memiliki nilai sosial karena tari itu masih memiliki fungsi dan makna bagi masyarakat pendukungnya."
Tari Pagellu,"Tinjauan tari Pa’gellu’ dari segi sosial akan terkait dengan pola kehidupan masyarakat Kecamatan Rindingallo, Kabupaten Toraja Utara, misal: dilihat dari sistem ekonomi, pendidikan, sistem kepercayaan, dan adat istiadat."
Tari Pagellu,Tari Pa’gellu disebut tari tradisional yang masuk dalam kategori tari rakyat karena dalam tari pa’gellu’ ini mengandung makna filosofis kehidupan sosial masyarakat Toraja
Tari Pagellu,Selain itu Tari Pa'gellu  diturunkan secara turun temurun oleh nenek moyang kepada generasi penerusnya
Tari Pagellu,Pementasan tari Pa’gellu’ yang diamati oleh peneliti dilakukan dibeberapa upacara adat Rambu Tuka’ seperti pada acara pernikahan dan Ma’bua
Tari Pagellu,Pa’gellu juga merupakan satu bagian dari upacara Ma’bua yang dimaksudkan sebagi bentuk rasa syukur dan sukacita atas selesainya rumah adat Tongkonan yang dibangun oleh keluarga
Tari Pajoge,"pertunjukan Pajoge yang ada pada masyarakat Bugis di Sulawesi Selatan, juga mengalami beberapa perubahan-perubahan baik dari segi struktur maupun fungsinya seiring dengan perubahan"
Tari Pajoge,Tari Pajoge dari Bone merupakan pertunjukan yang ada pada masyarakat Bugis di Sulawesi Selatan. 
Tari Pajoge,Kabupaten Bone sebagai bekas kerajaan memiliki berbagai macam tarian di antaranya Pajoge Makkunrai dan Pajoge Angkong
Tari Pajoge,"Istilah Pajoge berasal dari bahasa Bugis yaitu dari kata Joge yang artinya tari atau goyang, mendapat awalan pa menjadi Pajoge yang artinya kata yang menunjukkan pelaku atau penarinya."
Tari Pajoge,"Pajoge yang dimaksudkan sebagai seni pertunjukan yang di dalamnya mencakup tarian, penari/ pelaku, dan Pajoge sebagai sebuah pertunjukan itu sendiri."
Tari Pajoge,Pajoge terdiri atas dua jenis yaitu Pajoge Makkunrai (perempuan) dan Pajoge Angkong (wadam atau calabai)
Tari Pajoge,Majoge yang berarti berjoget atau menampilkan sebuah pertunjukan. Jadi kata Pajoge bagi masyarakat Bugis memiliki tiga makna sekaligus
Tari Pajoge,"Pertama Pajoge sebagai tari yang disebut sebagai joge, kedua dari kata joge mendapat awalan ‘pa’ menandakan kata benda yang berarti Pajoge artinya penari atau pelakunya, dan ketiga Pajoge sebagai sebuah pertunjukan. Pengertian Pajoge memiliki pemaknaan berbeda-beda namun ketiganya merupakan satu kesatuan yang tidak dapat dipisahkan"
Tari Pajoge,Istilah joge digunakan untuk menyebut tari tarian yang bersifat hiburan atau pergaulan dan kerakyata
Tari Pajoge,Penonton yang akan memberi hadiah untuk menyampaikan kepada pengibing tentang Pajoge yang akan diberi hadiah
Tari Pajoge,Pangibing membawa sekapur sirih dan menyodorkannya kepada penonton yang sebelumnya sudah melapor terlebih dahulu
Tari Pajoge,Penonton laki-laki yang akan memberikan hadiah atau mappasompe ikut terlibat adalah orang-orang yang mempunyai kehidupan sosial lebih baik atau merupakan tokoh yang disegani di daerah tersebut.
Tari Pajoge,"Pemberian hadiah atau uang merupakan penghargaan tersendiri karena tidak semua penonton laki-laki bisa mappasompe tanpa salah satu syarat tersebut. Uang dan status sosial (bangsawan) yang bisa melakukan itu, sosial (bangsawan) yang bisa melakukan itu, selebihnya hanya termasuk sebagai layaknya penonton biasa."
Tari Pajoge,"Seorang yang hendak mappasompe pada seorang Pajoge, harus duduk bersila di lantai, lalu Pajoge yang dikawal oleh Pangibing menghampirinya"
Tari Pajoge,"Mappasompe terjadi apabila ada penonton yang tertarik atau terpikat (konta) oleh salah satu Pajoge, maka penonton tersebut dapat meminta Pajoge untuk ballung dengan bimbingan pengawal laki laki (Pangibing). Ngibing adalah peranan pria dalam pesta tari orang-orang Makassar di Sulawesi Selatan, gadis penari (Pajoge) dengan mengangguk mengundangnya untuk menari. "
Tari Pajoge,"Pajoge Makkunrai berkembang di sekitar kerajaan Bone, sampai ke beberapa daerah sekitarnya seperti Kab. Wajo, Soppeng, dan Barru."
Tari Pajoge,"Pertunjukan Pajoge Makkunrai selalu berjumlah genap atau berpasangan yakni 4, 8, 10, 12, dan seterusnya, sesuai dengan kebutuhan pementasan"
Tari Pajoge,Pemilihan penari ditentukan oleh keluarga raja dengan kriteria tertentu. Penari Pajoge Makkunrai harus masih gadis atau yang belum bersuami dan bisa menyanyi (makkelong)
Tari Pajoge,"Postur tubuh yang badannya agak berisi (malebu-lebu/mabondeng), mempunyai wajah yang cantik (magello gello) dan bertingkah laku yang baik (ampe-ampe madeceng)."
Tari Pajoge,Pajoge Angkong ditarikan oleh penari calabai atau wadam atau dikenal dengan istilah bissu.
Tari Pajoge,Bissu selalu memegang tugas untuk melaksanakan upacara-upacara. Bissu dalam budaya Bugis mempunyai kedudukan yang sangat terhormat dan disegani sebagai penyambung lidah raja dan rakyat
Tari Pajoge,Bissu dipercaya sebagai orang yang mampu menjadi perantara mediasi antara langit dan bumi.
Tari Pajoge,"Tari Pajoge, muncul semasa kerajaan Bone sejak abad ke VII"
Tari Pajoge,Tari Pajoge berkembang dengan pesat sampai pada pemerintahan raja Bone yang ke XXX
Tari Pajoge,Masuknya Agama Islam di Kerajaan Bone pada tahun 1611 M. yaitu pada masa pemerintahan raja Bone ke XIII (1625-1644)
Tari Pajoge,Pajoge Makkunrai disajikan dalam pesta pernikahan dilaksanakan pada malam midodoreni (Mappacci) setelah berakhirnya prosesi Mappacci
Tari Pajoge,"Biasanya Pajoge Makkunrai ditampilkan di pembukaan atau pada saat istirahat, sebagai hiburan tamu-tamu atau menjadi sajian estetis."
Tari Pajoge,Teks seni pertunjukan memperlihatkan berbagai tingkat tekstual yang sebagian besar secara material selalu berbeda dan kompleks karena terdiri atas multilapis.
Tari Pajoge,"Multi lapis pertunjukan adalah lapis-lapis itu terdiri dari penari (pelaku), gerak tari, pola lantai, musik pengiring tari, kostum, property, dan tempat pertunjukan."
Tari Pajoge,Pajoge Makkunrai adalah terdiri atas gadis yang berusia 15 tahun ke atas atau belum kawin dan dapat menyanyi (makkelong). Tarian ini diklasifikasikan dalam tari kelompok.
Tari Pajoge,"Indo Pajoge bertugas membuka dan menutup pertunjukan Pajoge yang dipimpinnya sehingga harus berada di dekat paganrang (pemain gendang). Sebelum pertunjukan Pajoge Makkunrai dimulai terlebih dahulu Indo Pajoge menyanyi (massitta elong) untuk memulai pertunjukan kemudian disambung oleh semua penari, demikian pula sebaliknya apabila pertunjukan akan berakhir maka Indo Pajoge pula yang mengakhirinya"
Tari Pajoge,Pengibing (Pengawal) pada pertunjukan Pajoge Makkunrai adalah seorang laki-laki dewasa yang juga sudah berkeluarga. Pengibing ini bertugas mengawal Pajoge Makkunrai yang akan melakukan gerakan (ballung) di depan penonton yang akan memberi hadiah (mappasompe)
Tari Pajoge,"Iringan tari Pajoge dari awal pertunjukan sampai akhir merupakan perpaduan dari musik internal dengan musik eksternal, yakni perpaduan syair lagu yang dinyanyikan oleh indo Pajoge dengan instrumen gendang dan gong. Makna syair yang dilantunkan berisi tentang nasehat atau petuah-petuah berupa paseng."
Tari Pajoge,Pertunjukan ini selalu diawali oleh iringan syair lagu (kelong) oleh Indo Pajoge disebut massitta elong disusul oleh para penari Pajoge Makkunrai.
Tari Pajoge,Melantunkan syair secara bersama-sama dengan posisi berkumpul sambil berdiri disebut tettong mabborong. Penari berpasangan memasuki tempat pertunjukan
Tari Pajoge,Dari beberapa judul syair lagu (kelong) yang paling dikenal sampai sekarang ini adalah syair lagu Allah-Allah dan Ininnawa Sabbarakki
Tari Pajoge,Gerak sebagai media ungkap seni pertunjukan merupakan salah satu di antara pilar penyangga wujud seni pertunjukan yang dapat terlihat sedemikian kuat. Gerak juga berdampingan dengan suara atau bunyi-bunyian merupakan cara-cara yang dipergunakan untuk mengutarakan berbagai perasaan dan pikiran yang paling awal dikenali oleh manusia
Tari Pajoge,Ragam atau bentuk gerak secara keseluruhan dalam tari Pajoge dilakukan secara serempak (bersama-sama). Hal ini menandakan satu kesatuan yang utuh sehingga tampak dan terasa harmonis. Kesatuan para penari dalam koreografi kelompok secara harmonis memberikan daya hidup pada bentuk tari itu
Tari Pajoge,"Pola Tettong mabborong ( berkumpul ) Tettong mabborong (berkumpul) adalah posisi berdiri sambil berkumpul para pelaku Pajoge Makkunrai yang terdiri atas penari, Indo Pajoge dan Pengibing. Tettong mabborong (berkumpul) merupakan tanda apabila pertunjukan Pajoge Makkunrai sudah dimulai."
Tari Pajoge,"Pola Mappakaraja (penghormatan) Penari memasuki arena panggung dengan posisi berbanjar dua menghadap penonton, dalam posisi duduk sebagai tanda penghormatan. Mappakaraja (penghormatan) merupakan bagian yang harus dijunjung tinggi dari nilai-nilai masyarakat Bugis yakni Paseng yaitu sipakatau (saling menghormati antar individu)."
Tari Pajoge,Pola Mappasompe Pola Mappasompe ini yang paling ditunggu-tunggu oleh semua penonton yang terdiri atas warga masyarakat. Mappasompe adalah pemberian hadiah atau uang kepada salah satu Pajoge yang berhasil memikat hati (konta) penonton dari kalangan kaum bangsawan
Tari Pajoge,"Pola Ballung Dalam gerak ini penari merebahkan badan mendekati penonton yang akan mappsompe dengan dikawal oleh pengibing, sebagai wujud penghormatan kepada penonton. Pola gerak ini oleh masyarakat Bugis merupakan representasi dari gerak Ballung."
Tari Pajoge,Pola Mappacanda (bergembira) Gerak Mapacanda merupakan gerak yang dilakukan dengan gembira sesama penari. Hal ini untuk memancing penonton untuk terlibat di dalam acara Mappasompe. Mappacanda adalah gerakan yang dilakukan dengan gembira sesama penari.
Tari Pajoge,Pola mattekka (menyeberang) Penari melakukan gerak berpasangan dalam posisi berdiri dan saling bertukar tempat dengan cara mattekka. Mattekka (menyeberang) merupakan kegiatan yang sering dilakukan yaitu saling mengunjungi atau silaturrahim. Kegiatan saling mengunjungi ini sangat dijaga dan dilestarikan untuk menjaga keutuhan keluarga
Tari Pajoge,Pola massessere (mengelilingi) Penari melakukan gerak dengan cara berputar mengelilingi pasangan. Kedua tangan diputar di depan badan mengikuti irama langkah kaki yang cepat. Massessere (mengelilingi) merupakan gerakan berputar mengelilingi pasangan masing-masing. Massessere (mengelilingi) ini dilakukan supaya lebih waspada mengingat tidak semuanya orang-orang yang berada disekitar kita itu baik tapi selalu berhati-hati menjaga diri dan keluarga
Tari Pajoge,"Pola majjulekkalebba (melangkah lebar) Penari melakukan gerak tangan, yakni tangan kanan dengan kipas terbuka diayun lebar ke samping badan, dan pada saat bersamaan tangan kiri di depan badan. Kedua kaki melangkah lebar untuk berpindah tempat"
Tari Pajoge,"Pola Mattappo (menebar/melempar) Ragam mattappo atau menebar merupakan gerak sebagai simbol kekuatan halus perempuan dalam menebar pesona, yakni melempar atau menebar mantra-mantra pemikat kepada penonton, sehingga penonton akan semakin terpikat dengan penari. Dengan demikian semakin banyak yang terpikat maka semakin banyak hadiah yang akan diterima oleh pajoge"
Tari Pajoge,"Pola Maggalio (meliukkan badan) Pada ragam maggalio dilakukan dengan posisi berdiri. Tangan kiri digerakkan dari bawah ke atas, dan tangan kanan dengan kipas tertutup disentakkan di pergelangan tangan. Hal ini untuk memperlihatkan kepada semua penonton bahwa pertunjukan semakin hangat dan bersemangat maka diharapkan juga penonton semakin bersemangat pula"
Tari Pajoge,Pola Mappaleppa (bertepuk tangan/ bersuka ria) Ragam ini menyimbolkan kegembiraan dan keceriaan seluruh pendukung sekaligus muatan harapan bahwa pelak-sanaan pementasan Pajoge Makkunrai berjalan lancar. Mappaleppa (bertepuk tangan) gerakan ini diiringi dengan gendang tette dungdung ce (pukulan cepat). Tepukan tangan yang dilakukan oleh Pajoge memberi aksen yang kuat. Irama gendang tette dung-dung ce yang cepat berpadu dengan tepukan tangan menjelang pertunjukan selesai.
Tari Pajoge,"Pola massimang (pamit) Penari duduk di lantai dengan tudang campeang/sampeang (duduk dengan kaki kiri ditekuk di bawah pantat, dan kaki kanan ditekuk di samping badan. Kemudian kipas di letakkan di hadapan masing-masing, pada saat syair lagu Massimangna ri wajo-wajota (saya pamit di hadapan kalian) sebagai tanda berakhirnya pementasan tari dan penghormatan kepada penonton."
Tari Pajoge,"Desain lantai pada umumnya tari-tarian Bugis selalu mempergunakan tiga desain lantai yaitu berbaris satu atau dua, desain lantai segi empat, dan pola lantai melingkar. Makna ketiga desain lantai tidak begitu saja namun sangat terkait dengan filosofi tentang konsep Sulapa Eppa sebagai simbol keseimbangan atau kesempurnaan hidup, yang melahirkan sebuah kekuatan atau kepercayaan diri"
Tari Pajoge,"Pola lantai bentuk garis lurus atau mabbulo sibatang adalah merupakan bentuk sebatang bambu yang lurus. Pola lantai ini biasanya dipakai pada awal yaitu pada gerak mappakaraja (penghormatan), dengan posisi penari duduk atau level rendah."
Tari Pajoge,"Pola lantai bentuk segi empat atau ma’sulapa appa atau walasuji. (walasuji merupakan wadah yang berbentuk segi empat yang terbuat dari bambu diberi kain berwarna putih pada setiap sisinya, untuk tempat benda atau barang yang dipergunakan dalam upacara). Adapun makna dari pola lantai tersebut adalah merupakan bentuk konsep Sulapa Appa dan Walasuji. Konsep ini pula dikaitkan dengan kesempurnaan seorang manusia. Manusia dianggap sempurna apabila ia telah mencapai Sulapa Appanna Tauwa (segi empat tubuh manusia)"
Tari Pajoge,Pola lantai mallebu (lingkaran) dipakai pada gerak massessere (mengelilingi) dan gerak ballung atau rebah (memberi hormat kepada penonton yang sedang mappasompe)
Tari Pajoge,"Tata Rias yang digunakan penari Pajoge pada awalnya adalah tata rias cantik disertai dengan dadasa, yakni alat rias yang terbuat dari kemiri yang dibakar sehingga menghasilkan warna hitam yang mengkilat. "
Tari Pajoge,"Dadasa diriaskan pada bagian dahi penari, menyerupai kelopak bunga. Dadasa ini merupakan hiasan sekaligus berfungsi sebagai obat untuk menangkal sesuatu yang jahat"
Tari Pajoge,Dandanan rambut atau simboleng (sanggul tradisional) dikenal dengan nama simboleng bunga sibollo (digunakan untuk remaja atau gadis dengan baju bodo)
Tari Pajoge,Baju bodo dipakai apabila dipentaskan di istana raja sedangkan baju pakambang dipakai di luar istana.
Tari Pajoge,Sebutan lain dari baju bodo adalah baju rawang dan baju kasa eja atau baju tokko
Tari Pajoge,Baju rawang adalah baju yang tembus pandang dan tipis. Adapun baju kasa eja adalah baju yang terbuat dari benang kasa yang berwarna eja atau merah. Baju bodo lebih banyak dibuat dari benang sutra dengan warna bervariasi.
Tari Pajoge,"Baju pakambang atau kain panjang yang dipakai seperti selendang yang kedua ujungnya dipertemukan di depan dada. Pada bagian depan diberi kain kecil passio pakambang (pengikat baju), selain untuk merapikan pakambang juga sebagai penghias pada bagian depan sarung. "
Tari Pajoge,baju selalu dipadukan dengan sarung Bugis sutra yang bermotif kotak-kotak besar atau kecil (curak lebba atau curak biccu).
Tari Pajoge,"Perhiasan tari Pajoge adalah, sebuah jungge yang dipasang di atas kepala, yang menyerupai mahkota yang berbentuk segitiga. Jungge ini terjurai ke bawah sampai batas pinggul. Terdapat pinang goyang (kembang goyang) yang dipasang dibelakang jungge, sesuai dengan namanya pinang goyang (kembang goyang) selalu bergoyang apabila pemakainya bergerak. Bunga nigubah (kembang kepala) yang berwarna warni dipasang di bagian bawah sanggul kiri dan kanan."
Tari Pajoge,"Pada bagian leher memakai kalung panjang (geno sirue), yang berbentuk daun yang bersusun ke bawah menutupi bagian dada."
Tari Pajoge,Anting-anting (Bangkara) merupakan asesoris yang dipakai di telinga yang berbentuk segitiga.
Tari Pajoge,Pada lengan diberi simak tayya (pengikat ujung lengan baju yang biasanya berisi jimat).
Tari Pajoge,Simak tayya (pengikat pada ujung lengan baju) yang terdiri atas kayu-kayu yang dibungkus dengan kain putih untuk penangkal dari setiap bahaya (pallawa).
Tari Pajoge,Pada pergelangan tangan memakai gelang panjang (ponto tiggero tedong) menyerupai bulatan panjang.
Tari Pajoge,Kipas merupakan piranti yang selalu dibawa dan dimainkan baik dalam keadaan terbuka atau pun tertutup.
Tari Pajoge,Kipas atau papi pada zaman dulu terbuat dari daun lontar yang dirangkai membentuk setengah lingkaran. Daun lontar ini terlebih dahulu dikeringkan kemudian dianyam. Seiring perkembangan kipas ini pun berubah dari bahan daun lontar menjadi kipas dari bahan kain
Tari Pajoge,"Pajoge Makkunrai biasanya dipentaskan di arena terbuka seperti tanah lapang, pasar malam atau Baruga. Tempat ini biasanya menyatu dengan penonton, tidak ada batas yang tegas namun semuanya tertib ketika pertunjukan Pajoge Makkunrai dimulai."
Tari Pajoge,Pajoge makkunrai apabila dipentaskan di tanah lapang maka arena atau tempat untuk menari memakai alas tikar atau (jali). Tikar ini terdiri atas dua macam ada yang terbuat adari rotan dan ada pula dari daun lontar
Tari Pajoge,"Pajoge Makkunrai ketika disajikan untuk perkawinan, maka tarian ini ditampilkan pada sebuah panggung yang disebut Baruga. Luas Baruga ini tidaklah terlalu lebar, kurang lebih tiga kali tiga meter dengan ditutupi tikar pandan atau tikar daun lontar (tappere leko tala)"
Tari Pajoge,"Setiap sisi panggung diberi pagar sebagai pembatas yang tingginya sekitar satu meter, pagar ini disebut sebagai bambu bersilang berbentuk segi empat (walasuji atau sulapa eppa)"
Tari Pajoge,"Kabupaten Bone sebagai bekas kerajaan, memiliki berbagai macam tarian. Salah satunya adalah tari Pajoge Angkong"
Tari Pajoge,"Pajoge Angkong di Kabupaten Bone lahir pada abad ke-19, pada masa pemerintahan Raja Bone ke-32, yaitu La Mappanyukki Datu Lolo Ri Suppa."
Tari Pajoge,"Pertunjukan Pajoge Angkong yang pertama di Kota Watampone, kala itu seorang penari memakai tujuh lapis Baju Bodo, angka tujuh yang dimaksudkan bermakna Pitu Walli (tujuh wali), Pitu Lapi Langi (tujuh lapis langit), Pitu Lapi Tana (tujuh lapis tanah)."
Tari Pajoge,"Dalam buku Tari Tradisional Sulawesi Selatan oleh Munasiah Nadjamuddin, tari tradisonal adalah suatu bentuk tari yang mengandung nilai-nilai luhur, bermutu tinggi, yang dibentuk dalam pola-pola gerak tertentu dan terikat, telah berkembang dari masa ke masa dan mengandung pula nilai-nilai filosofis yang dalam, simbolis, religius dan tradisi yang tetap"
Tari Pajoge,Pajoge Angkong adalah bahasa Bugis yang terdiri dari dua kata yaitu Pajoge dan Angkong
Tari Pajoge,"Pajoge itu sendiri kata dasarnya adalah joge yang mendapat imbuhan berfungsi sebagai awal pa. Imbuhan pa dalam bahasa Bugis berarti pelaku atau subjek yang melakukannya,"
Tari Pajoge,"kata joge merupakan kata kerja berarti sere yang dalam bahasa indonesia menari, jadi kata Pajoge berarti penari atau orang yang menari."
Tari Pajoge,kata Angkong adalah calabai atau waria. Jadi Pajoge Angkong adalah tari tradisional dari dari daerah Bone yang penarinya adalah komunitas waria (laki-laki berpenampilan perempuan)
Tari Pajoge,"Pajoge Angkong lahir dari pemikiran para calabai (waria) pada masa itu, pemikiran untuk menciptakan tarian Pajoge Angkong mulanya disebabkan ketika mereka sering menyaksikan pertunjukan Sere Bissu, akan tetapi mereka mengembangkan gerakan tari Sere Bissu, dikatakanlah gerakan mereka sebagai gerakan Mallebbang Sere berarti memperluas (mengembangkan) gerakan."
Tari Pajoge,Salah satu tarian yang ada di Kabupaten Bone yaitu Tari Pajoge. Tari Pajogedi Kabupaten Bone terdiri dari Pajoge Makkunrai dan Pajoge Angkong.
Tari Pajoge,Pajoge Makkunrai adalah tarian yang dilakukan oleh perempuan yang ditarikan di dalam istana atau kediaman kalangan ningrat dan para penarinya adalah perempuan yang berasal dari kalangan rakyat biasa.
Tari Pajoge,"Pada pertengahan abad ke-19 yaitu pada tahun 1830-an Pajoge Angkong mengalami puncak kejayaan, kala itu Raja Bone yang ke-32 Andi Mappanyukki mengundang dan meminta Pajoge Angkonguntuk mengadakan pertunjukanpada acara Aqikah putranya"
Tari Pajoge,Alasan raja memilih Pajoge Angkong karena hampir setiap malam beliau bermimpi melihat Pajoge Angkong. 
Tari Pajoge,"Pajoge Angkong lahir dari pemikiran para Calabai (Waria) selain Bissu pada masa itu, pemikiran untuk menciptakan tarian Pajoge Angkong mulanya disebabkan ketika mereka sering menyaksikan pertunjukan Sere Bissu, mereka berfikir bahwa Calabai (Waria) selain Bissu juga perlu menciptakan joge’ (tarian) yang gerakannya tetap berdasar pada gerakan Sere Bissu, akan tetapi mereka mengembangkan gerakan dari Sere Bissu, dikatakanlah gerakan mereka sebagai gerakan Mallebbang Sere yang berarti memperluas (mengembangkan) gerakan."
Tari Pajoge,"Pajoge Angkong digunakan oleh TKR (Tentara Keamanan Rakyat)sebagai pancingan bagi Geriliawan pada saat itu, ketika semua warga sudah berbondongbondong ke pertunjukan Pajoge Angkong suasana menjadi sangat ramai dan tidak sedikit para Geriliawan yang ikut menonton. Ketika para Geriliawan berkumpul di tempat pertunjukan maka saat itulah para Tentara menyerang para Geriliawan dengan tembakan dan saat perang terjadi para rombongan Pajoge Angkong langsung dibawa ke tempat aman yang telah disediakan oleh para Tentara"
Tari Pajoge,"Seiring waktu berjalan, Pajoge Angkong sudah mengadakan pertunjukan lintas Kabupaten. Sejak saat itulah kesenian Pajoge Angkong menyebar ke Kabupatenkabupaten selain Kabupaten Bone, seperti Kabupaten Soppeng, Kabupaten Wajo, Kabupaten Pinrang bahkan sampai di Kabupaten Buton."
Tari Pajoge,Pada tahun 2000 sampai sekarang pertunjukan tari Pajoge Angkong hanya ditampilkan pada acara-acara tertentu seperti pada saat hari jadi Bone dan pada saat hari tari sedunia.
Tari Pajoge,"Pada saat hari jadi Bone, penari Pajoge Angkong tidak hanya berperan sebagai penari namun juga berperan sebagai pelaku dalam acara pencucian benda kerajaan."
Tari Pajoge,"Jika pada saat hari jadi Bone salah satu dari penari Pajoge Angkong tidak sempat hadir, maka tari Pajoge Angkong tidak ditarikan karena tarian Pajoge Angkong adalah tari berpasangan, sedangkan penari Pajoge Angkong hanya tinggal dua orang saja."
Tari Pajoge,Upaya Daeng Macora dan Daeng Bulang dalam melestarikan tari Pajoge Angkongyaitu dengan cara mengadakan pelatihan-pelatihan untuk mengajarkan kepada siapapun yang ingin belajar dan mengetahui tari Pajoge Angkongdan mempertujukkan tari Pajoge Angkongagar tidak punah.
Tari Pajoge,ada beberapa kendala dalam melestariakan tari Pajoge Angkong ini yaitu kurangnya kesadaran para waria yang ada di Kabupaten Bone dalam melestarikan tari Pajoge Angkong. Dan rata-rata para waria acuh tak acuh tentang tari Pajoge Angkong walaupun Deng Macora dan Daeng Bulang melakukan pelatihan dan pengajaran tari Pajoge Angkong.
Tari Pajoge,"Atas ketekunannya dalam melestarikan tariPajoge Angkong, Daeng Macora beberapa kali mendapatkan penghargaan seperti pada tahun 2016 daeng Macora mendapat penghargaan dari Kementerian Pendidikan dan Kebudayaan Republik Indonesia sebagai kategori pelestari atas dedikasi dan pengabdiannya dalam pelestarian tradisi di Bone Sulawesi Selatan."
Tari Pajoge,"pada bulan April 2016 bertepatan dengan Hari Tari Sedunia, Daeng Macora mendapat penghargaan Maestro Penari Bone dari Dewan Kesenian Bone. Penghargaan itu diserahkan oleh Bupati Bone kepada Daeng Macora."
Tari Pajoge,"Suku Bugis mengenal lima jenis gender, yakni Borane/Orowane (laki-laki), Makkunrai (perempuan), Calabai (laki-laki yang berpenampilan dan berprilaku seperti perempuan), Calalai (Perempuan yang berpenampilan dan berprilaku seperti laki-laki), dan Bissu (laki-laki atau perempuan yang berpenampilan dan berprilaku komplit, yakni memiliki semua sifat dan karakter dari semua jenis kelamin)."
Tari Pajoge,"Tari Pajoge Angkong merupakan salah satu tarian yang berasal dari Kabupaten Bone yang penarinya terdiri dari Waria atau Banci ( laki-laki yang berpenampilan seperti perempuan). Keberadaan tarian ini sangat dikenal sejak dahulu sampai sekarang dikalangan masyarakat Bone, karena tarian ini muncul sejak zaman kerajaan."